id,date,hour,bathroom,bedroom,fridge-door,front-door,hallway,kitchen,lounge
d93d8,2019-05-08,13,1.0,6.0,1.0,1.0,10.0,7.0,7.0
d93d8,2019-05-08,14,4.0,5.0,6.0,8.0,15.0,18.0,9.0
d93d8,2019-05-08,15,2.0,2.0,3.0,16.0,7.0,12.0,3.0
d93d8,2019-05-08,16,1.0,1.0,0.0,4.0,5.0,5.0,2.0
d93d8,2019-05-08,17,2.0,5.0,0.0,4.0,5.0,11.0,4.0
d93d8,2019-05-08,18,2.0,2.0,0.0,12.0,10.0,18.0,4.0
d93d8,2019-05-08,19,1.0,0.0,0.0,6.0,8.0,6.0,8.0
d93d8,2019-05-08,20,1.0,0.0,0.0,0.0,1.0,1.0,5.0
d93d8,2019-05-08,21,0.0,1.0,0.0,8.0,2.0,2.0,8.0
d93d8,2019-05-08,22,1.0,0.0,0.0,2.0,3.0,1.0,5.0
d93d8,2019-05-08,23,3.0,3.0,0.0,0.0,6.0,2.0,12.0
d93d8,2019-05-09,0,4.0,2.0,0.0,2.0,6.0,0.0,4.0
d93d8,2019-05-09,1,1.0,2.0,0.0,2.0,8.0,10.0,7.0
d93d8,2019-05-09,2,1.0,7.0,0.0,2.0,2.0,1.0,3.0
d93d8,2019-05-09,3,0.0,14.0,0.0,5.0,1.0,2.0,0.0
d93d8,2019-05-09,4,2.0,11.0,0.0,3.0,4.0,3.0,1.0
d93d8,2019-05-09,5,3.0,8.0,0.0,0.0,3.0,0.0,1.0
d93d8,2019-05-09,6,1.0,8.0,0.0,2.0,8.0,5.0,0.0
d93d8,2019-05-09,7,7.0,5.0,0.0,8.0,11.0,20.0,3.0
d93d8,2019-05-09,8,17.0,10.0,0.0,2.0,16.0,5.0,13.0
d93d8,2019-05-09,9,5.0,10.0,4.0,8.0,15.0,9.0,11.0
d93d8,2019-05-09,14,0.0,3.0,4.0,3.0,6.0,6.0,0.0
d93d8,2019-05-09,15,4.0,0.0,0.0,15.0,9.0,13.0,6.0
d93d8,2019-05-09,16,4.0,4.0,2.0,10.0,11.0,5.0,7.0
d93d8,2019-05-09,17,3.0,0.0,2.0,11.0,9.0,13.0,8.0
d93d8,2019-05-09,18,1.0,3.0,0.0,25.0,11.0,11.0,7.0
d93d8,2019-05-09,19,2.0,2.0,0.0,5.0,8.0,1.0,13.0
d93d8,2019-05-09,20,1.0,0.0,0.0,4.0,6.0,5.0,10.0
d93d8,2019-05-09,21,0.0,0.0,0.0,8.0,5.0,5.0,9.0
d93d8,2019-05-09,22,3.0,1.0,0.0,2.0,8.0,4.0,8.0
d93d8,2019-05-09,23,1.0,3.0,0.0,2.0,7.0,6.0,12.0
d93d8,2019-05-10,0,2.0,3.0,0.0,2.0,3.0,1.0,7.0
d93d8,2019-05-10,1,1.0,13.0,0.0,0.0,2.0,0.0,0.0
d93d8,2019-05-10,2,0.0,6.0,0.0,1.0,2.0,2.0,2.0
d93d8,2019-05-10,3,1.0,8.0,0.0,5.0,3.0,4.0,0.0
d93d8,2019-05-10,4,2.0,10.0,0.0,0.0,2.0,0.0,0.0
d93d8,2019-05-10,5,0.0,7.0,0.0,0.0,0.0,0.0,0.0
d93d8,2019-05-10,6,2.0,5.0,0.0,0.0,2.0,0.0,0.0
d93d8,2019-05-10,7,4.0,8.0,0.0,10.0,7.0,8.0,1.0
d93d8,2019-05-10,8,15.0,9.0,0.0,10.0,20.0,16.0,8.0
d93d8,2019-05-10,9,3.0,8.0,4.0,2.0,6.0,1.0,1.0
d93d8,2019-05-10,13,2.0,3.0,2.0,0.0,7.0,7.0,3.0
d93d8,2019-05-10,14,3.0,2.0,2.0,4.0,11.0,11.0,11.0
d93d8,2019-05-10,15,0.0,2.0,0.0,6.0,5.0,7.0,5.0
d93d8,2019-05-10,16,1.0,0.0,0.0,4.0,12.0,11.0,8.0
d93d8,2019-05-10,17,1.0,2.0,0.0,6.0,5.0,7.0,13.0
d93d8,2019-05-10,18,4.0,13.0,0.0,0.0,15.0,9.0,3.0
d93d8,2019-05-10,19,0.0,1.0,2.0,20.0,12.0,14.0,10.0
d93d8,2019-05-10,20,4.0,2.0,0.0,2.0,8.0,4.0,7.0
d93d8,2019-05-10,21,0.0,1.0,0.0,0.0,1.0,0.0,2.0
d93d8,2019-05-10,22,0.0,3.0,2.0,4.0,9.0,13.0,7.0
d93d8,2019-05-10,23,2.0,1.0,0.0,0.0,3.0,0.0,5.0
d93d8,2019-05-11,0,1.0,7.0,0.0,0.0,1.0,0.0,0.0
d93d8,2019-05-11,1,3.0,2.0,0.0,6.0,11.0,10.0,9.0
d93d8,2019-05-11,2,0.0,9.0,0.0,0.0,1.0,0.0,1.0
d93d8,2019-05-11,3,6.0,11.0,0.0,0.0,6.0,0.0,0.0
d93d8,2019-05-11,4,0.0,2.0,0.0,0.0,0.0,0.0,0.0
d93d8,2019-05-11,5,2.0,5.0,0.0,0.0,3.0,1.0,0.0
d93d8,2019-05-11,6,3.0,6.0,0.0,4.0,6.0,8.0,2.0
d93d8,2019-05-11,7,1.0,1.0,0.0,0.0,3.0,4.0,1.0
d93d8,2019-05-11,8,2.0,4.0,0.0,12.0,5.0,16.0,4.0
d93d8,2019-05-11,9,2.0,2.0,0.0,4.0,5.0,5.0,2.0
d93d8,2019-05-11,10,3.0,0.0,0.0,10.0,6.0,1.0,7.0
d93d8,2019-05-11,11,1.0,1.0,0.0,6.0,3.0,6.0,1.0
d93d8,2019-05-11,12,5.0,3.0,0.0,22.0,12.0,15.0,18.0
d93d8,2019-05-11,13,1.0,1.0,0.0,2.0,6.0,6.0,6.0
d93d8,2019-05-11,14,2.0,5.0,0.0,0.0,5.0,2.0,10.0
d93d8,2019-05-11,15,1.0,0.0,0.0,0.0,5.0,1.0,7.0
d93d8,2019-05-11,16,2.0,2.0,0.0,6.0,9.0,8.0,5.0
d93d8,2019-05-11,17,3.0,3.0,6.0,7.0,10.0,15.0,7.0
d93d8,2019-05-11,18,3.0,0.0,0.0,9.0,15.0,19.0,8.0
d93d8,2019-05-11,19,0.0,0.0,0.0,7.0,3.0,2.0,3.0
d93d8,2019-05-11,20,2.0,2.0,0.0,3.0,6.0,5.0,6.0
d93d8,2019-05-11,21,0.0,0.0,0.0,0.0,0.0,0.0,2.0
d93d8,2019-05-11,22,2.0,0.0,0.0,8.0,7.0,6.0,11.0
d93d8,2019-05-11,23,1.0,1.0,0.0,0.0,2.0,0.0,6.0
d93d8,2019-05-12,0,3.0,3.0,0.0,4.0,8.0,8.0,12.0
d93d8,2019-05-12,1,0.0,8.0,0.0,0.0,0.0,0.0,0.0
d93d8,2019-05-12,2,1.0,7.0,0.0,0.0,2.0,0.0,0.0
d93d8,2019-05-12,3,0.0,3.0,0.0,0.0,0.0,0.0,0.0
d93d8,2019-05-12,4,1.0,5.0,0.0,0.0,2.0,0.0,0.0
d93d8,2019-05-12,5,2.0,7.0,0.0,8.0,4.0,7.0,0.0
d93d8,2019-05-12,6,2.0,9.0,0.0,0.0,2.0,0.0,0.0
d93d8,2019-05-12,7,2.0,6.0,0.0,0.0,2.0,0.0,0.0
d93d8,2019-05-12,8,3.0,6.0,0.0,2.0,4.0,3.0,1.0
d93d8,2019-05-12,9,0.0,0.0,0.0,2.0,0.0,21.0,0.0
d93d8,2019-05-12,10,6.0,4.0,0.0,16.0,11.0,26.0,7.0
d93d8,2019-05-12,11,4.0,3.0,0.0,2.0,6.0,4.0,4.0
d93d8,2019-05-12,12,3.0,1.0,0.0,0.0,3.0,1.0,4.0
d93d8,2019-05-12,13,1.0,0.0,0.0,8.0,8.0,23.0,6.0
d93d8,2019-05-12,14,6.0,0.0,0.0,0.0,6.0,3.0,2.0
d93d8,2019-05-12,15,0.0,2.0,0.0,6.0,7.0,7.0,5.0
d93d8,2019-05-12,16,4.0,1.0,0.0,10.0,8.0,9.0,5.0
d93d8,2019-05-12,17,2.0,1.0,0.0,0.0,5.0,4.0,8.0
d93d8,2019-05-12,18,4.0,1.0,0.0,10.0,19.0,17.0,16.0
d93d8,2019-05-12,19,0.0,1.0,0.0,2.0,3.0,2.0,5.0
d93d8,2019-05-12,20,2.0,1.0,0.0,6.0,3.0,4.0,8.0
d93d8,2019-05-12,21,0.0,0.0,0.0,0.0,1.0,1.0,6.0
d93d8,2019-05-12,22,1.0,0.0,0.0,0.0,1.0,0.0,5.0
d93d8,2019-05-12,23,0.0,1.0,0.0,2.0,5.0,4.0,5.0
d93d8,2019-05-13,0,3.0,2.0,0.0,2.0,7.0,7.0,8.0
d93d8,2019-05-13,1,1.0,7.0,0.0,2.0,4.0,1.0,4.0
d93d8,2019-05-13,2,2.0,5.0,0.0,0.0,2.0,0.0,2.0
d93d8,2019-05-13,3,0.0,6.0,0.0,0.0,1.0,0.0,1.0
d93d8,2019-05-13,4,2.0,9.0,0.0,0.0,2.0,0.0,0.0
d93d8,2019-05-13,5,0.0,3.0,0.0,0.0,0.0,0.0,0.0
d93d8,2019-05-13,6,3.0,5.0,0.0,0.0,3.0,6.0,1.0
d93d8,2019-05-13,7,2.0,3.0,0.0,4.0,2.0,5.0,1.0
d93d8,2019-05-13,8,8.0,6.0,0.0,12.0,8.0,12.0,0.0
d93d8,2019-05-13,9,7.0,13.0,4.0,8.0,19.0,15.0,9.0
d93d8,2019-05-13,10,0.0,2.0,0.0,0.0,6.0,2.0,6.0
d93d8,2019-05-13,11,1.0,0.0,0.0,0.0,1.0,0.0,7.0
d93d8,2019-05-13,12,1.0,4.0,1.0,2.0,12.0,6.0,12.0
d93d8,2019-05-13,13,3.0,5.0,1.0,26.0,13.0,10.0,11.0
d93d8,2019-05-13,14,0.0,1.0,0.0,6.0,13.0,16.0,9.0
d93d8,2019-05-13,15,1.0,0.0,0.0,2.0,3.0,2.0,4.0
d93d8,2019-05-13,16,1.0,2.0,0.0,6.0,8.0,8.0,9.0
d93d8,2019-05-13,17,3.0,3.0,0.0,7.0,8.0,7.0,7.0
d93d8,2019-05-13,18,4.0,0.0,0.0,9.0,14.0,23.0,5.0
d93d8,2019-05-13,19,1.0,0.0,0.0,12.0,6.0,5.0,6.0
d93d8,2019-05-13,20,4.0,3.0,4.0,2.0,10.0,5.0,12.0
d93d8,2019-05-13,21,0.0,2.0,0.0,8.0,4.0,6.0,8.0
d93d8,2019-05-13,22,1.0,0.0,0.0,0.0,3.0,3.0,11.0
d93d8,2019-05-13,23,0.0,5.0,0.0,8.0,6.0,3.0,11.0
d93d8,2019-05-14,0,2.0,1.0,0.0,4.0,11.0,10.0,13.0
d93d8,2019-05-14,1,0.0,6.0,0.0,0.0,0.0,0.0,0.0
d93d8,2019-05-14,2,1.0,9.0,0.0,6.0,2.0,2.0,0.0
d93d8,2019-05-14,3,3.0,7.0,0.0,0.0,4.0,0.0,0.0
d93d8,2019-05-14,4,1.0,7.0,0.0,0.0,2.0,0.0,0.0
d93d8,2019-05-14,5,2.0,6.0,0.0,4.0,5.0,2.0,1.0
d93d8,2019-05-14,6,2.0,3.0,0.0,0.0,2.0,0.0,0.0
d93d8,2019-05-14,7,4.0,7.0,0.0,10.0,7.0,10.0,1.0
d93d8,2019-05-14,8,18.0,13.0,0.0,5.0,17.0,13.0,5.0
d93d8,2019-05-14,9,1.0,2.0,2.0,6.0,11.0,7.0,11.0
d93d8,2019-05-14,10,2.0,2.0,2.0,4.0,8.0,5.0,10.0
d93d8,2019-05-14,11,6.0,0.0,0.0,8.0,12.0,9.0,7.0
d93d8,2019-05-14,12,1.0,0.0,0.0,8.0,7.0,14.0,11.0
d93d8,2019-05-14,13,1.0,1.0,0.0,0.0,3.0,1.0,11.0
d93d8,2019-05-14,14,2.0,2.0,0.0,12.0,10.0,7.0,10.0
d93d8,2019-05-14,15,2.0,0.0,0.0,7.0,6.0,5.0,3.0
d93d8,2019-05-14,16,1.0,0.0,0.0,16.0,5.0,9.0,3.0
d93d8,2019-05-14,17,14.0,7.0,0.0,10.0,15.0,9.0,5.0
d93d8,2019-05-14,18,1.0,0.0,0.0,8.0,6.0,15.0,5.0
d93d8,2019-05-14,19,1.0,0.0,0.0,2.0,4.0,1.0,5.0
d93d8,2019-05-14,20,2.0,0.0,0.0,8.0,5.0,3.0,5.0
d93d8,2019-05-14,21,0.0,0.0,0.0,0.0,1.0,0.0,8.0
d93d8,2019-05-14,22,2.0,3.0,0.0,0.0,4.0,2.0,7.0
d93d8,2019-05-14,23,0.0,1.0,0.0,2.0,2.0,3.0,4.0
d93d8,2019-05-15,0,2.0,5.0,0.0,6.0,7.0,5.0,6.0
d93d8,2019-05-15,1,1.0,11.0,0.0,0.0,2.0,0.0,1.0
d93d8,2019-05-15,2,1.0,9.0,0.0,0.0,1.0,0.0,0.0
d93d8,2019-05-15,3,2.0,5.0,0.0,0.0,3.0,0.0,0.0
d93d8,2019-05-15,4,3.0,4.0,0.0,4.0,4.0,8.0,0.0
d93d8,2019-05-15,5,1.0,7.0,0.0,0.0,2.0,0.0,2.0
d93d8,2019-05-15,6,3.0,11.0,0.0,4.0,7.0,7.0,3.0
d93d8,2019-05-15,7,2.0,3.0,0.0,0.0,2.0,1.0,0.0
d93d8,2019-05-15,8,7.0,9.0,0.0,12.0,10.0,14.0,4.0
d93d8,2019-05-15,9,14.0,12.0,4.0,4.0,15.0,4.0,7.0
d93d8,2019-05-15,10,3.0,7.0,2.0,17.0,11.0,14.0,2.0
d93d8,2019-05-15,11,3.0,2.0,4.0,5.0,12.0,8.0,5.0
d93d8,2019-05-15,15,1.0,6.0,4.0,14.0,15.0,11.0,11.0
d93d8,2019-05-15,16,2.0,14.0,0.0,6.0,12.0,8.0,7.0
d93d8,2019-05-15,17,2.0,3.0,0.0,2.0,9.0,6.0,14.0
d93d8,2019-05-15,18,6.0,12.0,4.0,4.0,19.0,10.0,12.0
d93d8,2019-05-15,20,1.0,2.0,2.0,14.0,9.0,9.0,10.0
d93d8,2019-05-15,21,0.0,0.0,0.0,0.0,1.0,1.0,5.0
d93d8,2019-05-15,22,0.0,1.0,0.0,8.0,3.0,4.0,6.0
d93d8,2019-05-15,23,2.0,3.0,0.0,0.0,6.0,5.0,7.0
d93d8,2019-05-16,0,3.0,5.0,0.0,2.0,6.0,3.0,4.0
d93d8,2019-05-16,1,1.0,12.0,0.0,0.0,1.0,0.0,0.0
d93d8,2019-05-16,2,0.0,12.0,0.0,6.0,3.0,5.0,1.0
d93d8,2019-05-16,3,1.0,12.0,0.0,2.0,4.0,4.0,0.0
d93d8,2019-05-16,4,0.0,8.0,0.0,0.0,0.0,0.0,0.0
d93d8,2019-05-16,5,2.0,11.0,0.0,5.0,7.0,11.0,1.0
d93d8,2019-05-16,6,2.0,11.0,0.0,3.0,4.0,8.0,1.0
d93d8,2019-05-16,7,0.0,6.0,0.0,0.0,3.0,0.0,0.0
d93d8,2019-05-16,8,12.0,18.0,0.0,4.0,16.0,14.0,5.0
d93d8,2019-05-16,9,6.0,9.0,6.0,4.0,13.0,5.0,11.0
d93d8,2019-05-16,14,1.0,6.0,2.0,2.0,6.0,5.0,9.0
d93d8,2019-05-16,15,3.0,7.0,2.0,2.0,15.0,6.0,12.0
d93d8,2019-05-16,16,5.0,4.0,0.0,10.0,12.0,12.0,10.0
d93d8,2019-05-16,17,2.0,5.0,0.0,0.0,10.0,1.0,10.0
d93d8,2019-05-16,18,0.0,2.0,4.0,4.0,15.0,23.0,13.0
d93d8,2019-05-16,19,1.0,0.0,0.0,18.0,5.0,6.0,5.0
d93d8,2019-05-16,20,1.0,0.0,0.0,8.0,6.0,4.0,7.0
d93d8,2019-05-16,21,2.0,0.0,0.0,0.0,2.0,1.0,7.0
d93d8,2019-05-16,22,3.0,3.0,0.0,6.0,5.0,3.0,5.0
d93d8,2019-05-16,23,1.0,1.0,0.0,2.0,2.0,5.0,5.0
d93d8,2019-05-17,0,1.0,3.0,0.0,2.0,3.0,3.0,4.0
d93d8,2019-05-17,1,3.0,10.0,0.0,4.0,5.0,2.0,3.0
d93d8,2019-05-17,2,1.0,9.0,0.0,0.0,3.0,0.0,0.0
d93d8,2019-05-17,3,2.0,9.0,0.0,6.0,3.0,5.0,0.0
d93d8,2019-05-17,4,1.0,2.0,0.0,0.0,1.0,0.0,0.0
d93d8,2019-05-17,5,1.0,5.0,0.0,2.0,3.0,1.0,0.0
d93d8,2019-05-17,6,2.0,7.0,0.0,0.0,3.0,1.0,0.0
d93d8,2019-05-17,7,0.0,7.0,0.0,0.0,0.0,0.0,0.0
d93d8,2019-05-17,8,5.0,8.0,2.0,12.0,16.0,18.0,4.0
d93d8,2019-05-17,9,8.0,8.0,6.0,0.0,11.0,1.0,3.0
d93d8,2019-05-17,14,1.0,2.0,2.0,0.0,3.0,2.0,3.0
d93d8,2019-05-17,15,7.0,5.0,0.0,4.0,15.0,8.0,14.0
d93d8,2019-05-17,16,1.0,6.0,0.0,8.0,11.0,5.0,8.0
d93d8,2019-05-17,17,6.0,7.0,0.0,14.0,11.0,11.0,7.0
d93d8,2019-05-17,18,6.0,10.0,2.0,0.0,16.0,3.0,9.0
d93d8,2019-05-17,20,1.0,1.0,4.0,6.0,7.0,5.0,5.0
d93d8,2019-05-17,21,0.0,0.0,0.0,0.0,0.0,0.0,4.0
d93d8,2019-05-17,22,1.0,0.0,0.0,0.0,5.0,3.0,6.0
d93d8,2019-05-17,23,1.0,4.0,0.0,2.0,8.0,8.0,6.0
d93d8,2019-05-18,0,2.0,5.0,0.0,4.0,5.0,2.0,4.0
d93d8,2019-05-18,1,1.0,8.0,0.0,2.0,3.0,3.0,0.0
d93d8,2019-05-18,2,1.0,14.0,0.0,0.0,3.0,3.0,0.0
d93d8,2019-05-18,3,1.0,6.0,0.0,0.0,2.0,0.0,0.0
d93d8,2019-05-18,4,0.0,3.0,0.0,0.0,0.0,0.0,0.0
d93d8,2019-05-18,5,1.0,11.0,0.0,6.0,3.0,7.0,0.0
d93d8,2019-05-18,6,1.0,5.0,0.0,0.0,2.0,0.0,1.0
d93d8,2019-05-18,7,2.0,8.0,0.0,0.0,5.0,3.0,0.0
d93d8,2019-05-18,8,11.0,11.0,3.0,0.0,16.0,4.0,5.0
d93d8,2019-05-18,11,1.0,1.0,2.0,2.0,4.0,3.0,3.0
d93d8,2019-05-18,12,5.0,9.0,2.0,8.0,20.0,7.0,17.0
d93d8,2019-05-18,13,6.0,6.0,6.0,11.0,16.0,13.0,28.0
d93d8,2019-05-18,14,2.0,6.0,0.0,13.0,13.0,6.0,22.0
d93d8,2019-05-18,15,3.0,5.0,4.0,12.0,18.0,12.0,20.0
d93d8,2019-05-18,16,3.0,8.0,0.0,4.0,5.0,7.0,5.0
d93d8,2019-05-18,17,4.0,5.0,0.0,4.0,8.0,4.0,9.0
d93d8,2019-05-18,18,2.0,3.0,0.0,4.0,10.0,15.0,5.0
d93d8,2019-05-18,19,0.0,0.0,0.0,4.0,6.0,3.0,7.0
d93d8,2019-05-18,20,1.0,1.0,0.0,0.0,1.0,0.0,4.0
d93d8,2019-05-18,21,3.0,4.0,4.0,4.0,8.0,7.0,9.0
d93d8,2019-05-18,22,0.0,0.0,0.0,0.0,0.0,0.0,2.0
d93d8,2019-05-18,23,2.0,5.0,0.0,6.0,8.0,9.0,5.0
d93d8,2019-05-19,0,1.0,8.0,0.0,4.0,4.0,2.0,3.0
d93d8,2019-05-19,1,1.0,10.0,0.0,0.0,2.0,0.0,0.0
d93d8,2019-05-19,2,1.0,4.0,0.0,0.0,2.0,0.0,0.0
d93d8,2019-05-19,3,1.0,5.0,0.0,0.0,1.0,0.0,0.0
d93d8,2019-05-19,4,1.0,7.0,0.0,8.0,3.0,8.0,0.0
d93d8,2019-05-19,5,0.0,3.0,0.0,0.0,0.0,0.0,0.0
d93d8,2019-05-19,6,1.0,5.0,0.0,0.0,2.0,0.0,0.0
d93d8,2019-05-19,7,1.0,6.0,0.0,0.0,2.0,0.0,1.0
d93d8,2019-05-19,8,2.0,3.0,0.0,0.0,5.0,6.0,2.0
d93d8,2019-05-19,9,2.0,3.0,0.0,0.0,2.0,11.0,0.0
d93d8,2019-05-19,10,2.0,2.0,0.0,12.0,6.0,16.0,4.0
d93d8,2019-05-19,11,1.0,2.0,0.0,2.0,6.0,1.0,5.0
d93d8,2019-05-19,12,4.0,0.0,0.0,14.0,9.0,19.0,5.0
d93d8,2019-05-19,13,0.0,0.0,0.0,0.0,1.0,0.0,0.0
d93d8,2019-05-19,14,2.0,2.0,0.0,8.0,9.0,7.0,8.0
d93d8,2019-05-19,15,3.0,1.0,0.0,5.0,7.0,3.0,6.0
d93d8,2019-05-19,16,1.0,1.0,0.0,7.0,8.0,4.0,7.0
d93d8,2019-05-19,17,4.0,1.0,0.0,10.0,13.0,16.0,9.0
d93d8,2019-05-19,18,1.0,0.0,0.0,8.0,9.0,18.0,4.0
d93d8,2019-05-19,19,1.0,1.0,0.0,7.0,4.0,4.0,9.0
d93d8,2019-05-19,20,0.0,0.0,0.0,1.0,2.0,1.0,4.0
d93d8,2019-05-19,21,1.0,0.0,0.0,0.0,2.0,1.0,6.0
d93d8,2019-05-19,22,1.0,0.0,0.0,0.0,2.0,2.0,4.0
d93d8,2019-05-19,23,4.0,3.0,0.0,2.0,4.0,3.0,6.0
d93d8,2019-05-20,0,1.0,11.0,0.0,6.0,6.0,3.0,9.0
d93d8,2019-05-20,1,1.0,14.0,0.0,0.0,2.0,0.0,0.0
d93d8,2019-05-20,2,1.0,7.0,0.0,0.0,4.0,0.0,0.0
d93d8,2019-05-20,3,1.0,15.0,0.0,2.0,2.0,2.0,0.0
d93d8,2019-05-20,4,0.0,1.0,0.0,0.0,0.0,0.0,0.0
d93d8,2019-05-20,5,3.0,10.0,0.0,4.0,5.0,5.0,0.0
d93d8,2019-05-20,6,1.0,6.0,0.0,0.0,1.0,0.0,1.0
d93d8,2019-05-20,7,6.0,7.0,0.0,2.0,8.0,3.0,1.0
d93d8,2019-05-20,8,5.0,4.0,0.0,8.0,7.0,14.0,1.0
d93d8,2019-05-20,9,5.0,9.0,2.0,6.0,18.0,7.0,10.0
d93d8,2019-05-20,10,0.0,0.0,0.0,0.0,0.0,0.0,2.0
d93d8,2019-05-20,11,1.0,1.0,2.0,0.0,4.0,3.0,7.0
d93d8,2019-05-20,12,1.0,2.0,0.0,18.0,9.0,16.0,15.0
d93d8,2019-05-20,13,6.0,9.0,4.0,12.0,13.0,8.0,8.0
d93d8,2019-05-20,14,0.0,1.0,0.0,14.0,3.0,11.0,4.0
d93d8,2019-05-20,15,4.0,0.0,0.0,2.0,4.0,5.0,7.0
d93d8,2019-05-20,16,3.0,1.0,4.0,10.0,11.0,11.0,12.0
d93d8,2019-05-20,17,0.0,0.0,0.0,6.0,9.0,19.0,10.0
d93d8,2019-05-20,18,4.0,5.0,0.0,8.0,13.0,7.0,8.0
d93d8,2019-05-20,19,0.0,0.0,0.0,6.0,4.0,4.0,3.0
d93d8,2019-05-20,20,2.0,1.0,0.0,0.0,1.0,2.0,5.0
d93d8,2019-05-20,21,0.0,0.0,0.0,0.0,2.0,1.0,10.0
d93d8,2019-05-20,22,1.0,4.0,0.0,2.0,8.0,3.0,7.0
d93d8,2019-05-20,23,0.0,0.0,0.0,6.0,4.0,4.0,5.0
d93d8,2019-05-21,0,1.0,1.0,0.0,4.0,3.0,2.0,3.0
d93d8,2019-05-21,1,2.0,17.0,0.0,0.0,2.0,0.0,0.0
d93d8,2019-05-21,2,1.0,13.0,0.0,8.0,3.0,7.0,0.0
d93d8,2019-05-21,3,2.0,5.0,0.0,0.0,2.0,0.0,0.0
d93d8,2019-05-21,4,1.0,3.0,0.0,0.0,1.0,0.0,0.0
d93d8,2019-05-21,5,4.0,10.0,0.0,8.0,6.0,7.0,2.0
d93d8,2019-05-21,6,2.0,6.0,0.0,4.0,5.0,2.0,3.0
d93d8,2019-05-21,7,3.0,3.0,0.0,8.0,14.0,11.0,19.0
d93d8,2019-05-21,8,5.0,6.0,2.0,4.0,10.0,4.0,3.0
d93d8,2019-05-21,9,2.0,2.0,0.0,6.0,6.0,5.0,6.0
d93d8,2019-05-21,10,1.0,4.0,2.0,0.0,2.0,1.0,0.0
d93d8,2019-05-21,11,1.0,1.0,0.0,10.0,4.0,6.0,4.0
d93d8,2019-05-21,12,8.0,7.0,0.0,8.0,14.0,5.0,12.0
d93d8,2019-05-21,13,7.0,8.0,0.0,4.0,19.0,3.0,21.0
d93d8,2019-05-21,14,2.0,2.0,2.0,4.0,10.0,11.0,9.0
d93d8,2019-05-21,15,3.0,1.0,2.0,12.0,12.0,13.0,11.0
d93d8,2019-05-21,16,2.0,1.0,0.0,6.0,5.0,5.0,7.0
d93d8,2019-05-21,17,2.0,2.0,0.0,2.0,10.0,4.0,10.0
d93d8,2019-05-21,18,3.0,4.0,0.0,20.0,13.0,17.0,10.0
d93d8,2019-05-21,19,2.0,0.0,0.0,0.0,3.0,0.0,4.0
d93d8,2019-05-21,20,3.0,0.0,2.0,8.0,8.0,5.0,7.0
d93d8,2019-05-21,21,0.0,1.0,0.0,0.0,1.0,1.0,5.0
d93d8,2019-05-21,22,2.0,3.0,0.0,0.0,7.0,1.0,6.0
d93d8,2019-05-21,23,0.0,2.0,0.0,8.0,3.0,5.0,3.0
d93d8,2019-05-22,0,2.0,14.0,0.0,2.0,5.0,1.0,7.0
d93d8,2019-05-22,1,1.0,7.0,0.0,0.0,2.0,0.0,0.0
d93d8,2019-05-22,2,2.0,4.0,0.0,6.0,8.0,9.0,7.0
d93d8,2019-05-22,3,1.0,9.0,0.0,0.0,1.0,0.0,1.0
d93d8,2019-05-22,4,2.0,18.0,0.0,0.0,2.0,0.0,0.0
d93d8,2019-05-22,5,1.0,5.0,0.0,0.0,3.0,0.0,1.0
d93d8,2019-05-22,6,3.0,4.0,0.0,0.0,6.0,6.0,0.0
d93d8,2019-05-22,7,8.0,16.0,0.0,28.0,14.0,20.0,8.0
d93d8,2019-05-22,8,10.0,5.0,0.0,2.0,13.0,4.0,13.0
d93d8,2019-05-22,9,2.0,1.0,8.0,12.0,17.0,14.0,21.0
d93d8,2019-05-22,10,3.0,4.0,0.0,8.0,11.0,4.0,12.0
d93d8,2019-05-22,11,2.0,5.0,3.0,10.0,11.0,6.0,8.0
d93d8,2019-05-22,12,1.0,1.0,0.0,6.0,5.0,5.0,4.0
d93d8,2019-05-22,13,1.0,0.0,0.0,6.0,11.0,10.0,3.0
d93d8,2019-05-22,14,3.0,1.0,4.0,10.0,15.0,15.0,6.0
d93d8,2019-05-22,15,2.0,3.0,0.0,2.0,9.0,12.0,3.0
d93d8,2019-05-22,16,0.0,2.0,0.0,6.0,12.0,17.0,6.0
d93d8,2019-05-22,17,0.0,2.0,0.0,2.0,5.0,9.0,9.0
d93d8,2019-05-22,18,1.0,1.0,0.0,0.0,7.0,11.0,5.0
d93d8,2019-05-22,19,1.0,1.0,0.0,4.0,5.0,2.0,4.0
d93d8,2019-05-22,20,1.0,1.0,0.0,2.0,4.0,2.0,9.0
d93d8,2019-05-22,21,2.0,0.0,0.0,2.0,4.0,4.0,8.0
d93d8,2019-05-22,22,3.0,1.0,0.0,4.0,4.0,3.0,8.0
d93d8,2019-05-22,23,0.0,1.0,0.0,0.0,1.0,0.0,3.0
d93d8,2019-05-23,0,2.0,6.0,0.0,0.0,3.0,0.0,2.0
d93d8,2019-05-23,1,0.0,5.0,0.0,0.0,2.0,0.0,0.0
d93d8,2019-05-23,2,1.0,17.0,0.0,0.0,2.0,0.0,0.0
d93d8,2019-05-23,3,1.0,9.0,0.0,6.0,7.0,7.0,3.0
d93d8,2019-05-23,4,0.0,12.0,0.0,2.0,1.0,1.0,1.0
d93d8,2019-05-23,5,2.0,5.0,0.0,0.0,2.0,0.0,0.0
d93d8,2019-05-23,6,1.0,7.0,0.0,2.0,3.0,8.0,1.0
d93d8,2019-05-23,7,11.0,8.0,0.0,14.0,13.0,13.0,7.0
d93d8,2019-05-23,8,8.0,12.0,2.0,2.0,20.0,1.0,7.0
d93d8,2019-05-23,9,0.0,3.0,0.0,0.0,0.0,0.0,0.0
d93d8,2019-05-23,10,0.0,1.0,0.0,0.0,0.0,0.0,0.0
d93d8,2019-05-23,11,2.0,4.0,2.0,6.0,8.0,7.0,6.0
d93d8,2019-05-23,12,6.0,11.0,2.0,2.0,13.0,7.0,5.0
d93d8,2019-05-23,15,1.0,1.0,2.0,6.0,4.0,5.0,2.0
d93d8,2019-05-23,16,5.0,9.0,2.0,4.0,18.0,10.0,15.0
d93d8,2019-05-23,19,0.0,0.0,1.0,0.0,1.0,1.0,1.0
d93d8,2019-05-23,20,3.0,2.0,3.0,0.0,3.0,0.0,9.0
d93d8,2019-05-23,21,0.0,0.0,0.0,6.0,4.0,2.0,8.0
d93d8,2019-05-23,22,1.0,2.0,0.0,2.0,5.0,2.0,5.0
d93d8,2019-05-23,23,1.0,1.0,0.0,0.0,1.0,0.0,3.0
d93d8,2019-05-24,0,1.0,8.0,0.0,2.0,3.0,3.0,2.0
d93d8,2019-05-24,1,1.0,13.0,0.0,4.0,2.0,18.0,0.0
d93d8,2019-05-24,2,0.0,19.0,0.0,0.0,0.0,0.0,0.0
d93d8,2019-05-24,3,2.0,8.0,0.0,4.0,3.0,3.0,0.0
d93d8,2019-05-24,4,0.0,7.0,0.0,6.0,4.0,5.0,1.0
d93d8,2019-05-24,5,2.0,11.0,0.0,0.0,6.0,2.0,1.0
d93d8,2019-05-24,6,1.0,6.0,0.0,0.0,2.0,0.0,1.0
d93d8,2019-05-24,7,2.0,20.0,0.0,2.0,8.0,8.0,4.0
d93d8,2019-05-24,8,18.0,15.0,0.0,10.0,19.0,9.0,3.0
d93d8,2019-05-24,9,6.0,4.0,4.0,10.0,12.0,11.0,5.0
d93d8,2019-05-24,16,0.0,5.0,2.0,6.0,9.0,6.0,5.0
d93d8,2019-05-24,17,0.0,0.0,0.0,18.0,7.0,13.0,5.0
d93d8,2019-05-24,18,3.0,7.0,0.0,2.0,13.0,13.0,13.0
d93d8,2019-05-24,19,1.0,1.0,0.0,0.0,6.0,2.0,9.0
d93d8,2019-05-24,20,2.0,0.0,0.0,4.0,5.0,3.0,12.0
d93d8,2019-05-24,21,1.0,2.0,0.0,0.0,5.0,0.0,9.0
d93d8,2019-05-24,22,0.0,1.0,0.0,2.0,4.0,3.0,5.0
d93d8,2019-05-24,23,0.0,2.0,0.0,7.0,6.0,2.0,7.0
d93d8,2019-05-25,0,2.0,12.0,0.0,1.0,4.0,1.0,1.0
d93d8,2019-05-25,1,3.0,12.0,0.0,2.0,4.0,3.0,0.0
d93d8,2019-05-25,2,0.0,8.0,0.0,2.0,2.0,6.0,1.0
d93d8,2019-05-25,3,3.0,6.0,0.0,0.0,3.0,0.0,0.0
d93d8,2019-05-25,4,0.0,4.0,0.0,0.0,0.0,0.0,0.0
d93d8,2019-05-25,5,3.0,5.0,0.0,0.0,4.0,0.0,1.0
d93d8,2019-05-25,6,2.0,3.0,0.0,0.0,2.0,0.0,0.0
d93d8,2019-05-25,7,0.0,4.0,0.0,0.0,0.0,0.0,0.0
d93d8,2019-05-25,8,3.0,2.0,0.0,6.0,5.0,14.0,1.0
d93d8,2019-05-25,9,5.0,1.0,0.0,2.0,9.0,2.0,7.0
d93d8,2019-05-25,10,13.0,12.0,0.0,6.0,21.0,15.0,7.0
d93d8,2019-05-25,11,15.0,14.0,0.0,0.0,23.0,14.0,10.0
d93d8,2019-05-25,12,0.0,2.0,5.0,0.0,3.0,2.0,4.0
d93d8,2019-05-25,17,4.0,9.0,4.0,0.0,5.0,0.0,5.0
d93d8,2019-05-25,18,2.0,16.0,0.0,2.0,5.0,4.0,3.0
d93d8,2019-05-25,19,3.0,6.0,0.0,0.0,6.0,4.0,5.0
d93d8,2019-05-25,20,1.0,1.0,0.0,4.0,6.0,3.0,6.0
d93d8,2019-05-25,21,1.0,2.0,0.0,1.0,7.0,5.0,7.0
d93d8,2019-05-25,22,0.0,0.0,0.0,5.0,4.0,5.0,5.0
d93d8,2019-05-25,23,1.0,1.0,0.0,0.0,3.0,4.0,8.0
d93d8,2019-05-26,0,1.0,3.0,0.0,4.0,4.0,3.0,6.0
d93d8,2019-05-26,1,1.0,11.0,0.0,2.0,2.0,1.0,0.0
d93d8,2019-05-26,2,1.0,7.0,0.0,0.0,1.0,0.0,0.0
d93d8,2019-05-26,3,1.0,3.0,0.0,4.0,1.0,6.0,0.0
d93d8,2019-05-26,4,0.0,10.0,0.0,2.0,1.0,1.0,0.0
d93d8,2019-05-26,5,1.0,3.0,0.0,8.0,3.0,6.0,1.0
d93d8,2019-05-26,11,1.0,6.0,0.0,0.0,6.0,8.0,3.0
d93d8,2019-05-26,12,5.0,10.0,8.0,6.0,22.0,20.0,17.0
d93d8,2019-05-26,13,2.0,2.0,4.0,0.0,9.0,5.0,11.0
d93d8,2019-05-26,14,1.0,1.0,2.0,0.0,3.0,3.0,0.0
d93d8,2019-05-26,15,1.0,6.0,0.0,4.0,16.0,15.0,10.0
d93d8,2019-05-26,16,7.0,1.0,0.0,2.0,10.0,9.0,10.0
d93d8,2019-05-26,17,0.0,4.0,0.0,2.0,6.0,5.0,7.0
d93d8,2019-05-26,18,8.0,2.0,0.0,10.0,17.0,19.0,9.0
d93d8,2019-05-26,19,1.0,2.0,0.0,2.0,6.0,4.0,8.0
d93d8,2019-05-26,20,1.0,0.0,0.0,0.0,2.0,0.0,4.0
d93d8,2019-05-26,21,0.0,0.0,0.0,0.0,4.0,2.0,5.0
d93d8,2019-05-26,22,0.0,0.0,0.0,4.0,7.0,5.0,9.0
d93d8,2019-05-26,23,1.0,0.0,0.0,0.0,2.0,3.0,6.0
d93d8,2019-05-27,0,3.0,6.0,0.0,4.0,9.0,7.0,8.0
d93d8,2019-05-27,1,1.0,13.0,0.0,0.0,3.0,1.0,3.0
d93d8,2019-05-27,2,0.0,1.0,0.0,0.0,0.0,0.0,0.0
d93d8,2019-05-27,4,0.0,7.0,0.0,0.0,0.0,0.0,0.0
d93d8,2019-05-27,5,1.0,12.0,0.0,4.0,7.0,7.0,6.0
d93d8,2019-05-27,6,1.0,3.0,0.0,2.0,3.0,1.0,3.0
d93d8,2019-05-27,7,2.0,3.0,0.0,0.0,4.0,8.0,2.0
d93d8,2019-05-27,8,1.0,13.0,0.0,4.0,7.0,24.0,4.0
d93d8,2019-05-27,9,11.0,9.0,0.0,6.0,14.0,5.0,3.0
d93d8,2019-05-27,10,6.0,12.0,4.0,4.0,20.0,12.0,9.0
d93d8,2019-05-27,11,0.0,1.0,2.0,0.0,1.0,0.0,1.0
d93d8,2019-05-27,16,2.0,2.0,2.0,6.0,5.0,3.0,4.0
d93d8,2019-05-27,17,0.0,2.0,0.0,12.0,6.0,10.0,8.0
d93d8,2019-05-27,18,3.0,4.0,0.0,9.0,6.0,3.0,2.0
d93d8,2019-05-27,19,0.0,2.0,0.0,11.0,10.0,12.0,12.0
d93d8,2019-05-27,20,0.0,0.0,0.0,2.0,2.0,1.0,5.0
d93d8,2019-05-27,21,0.0,1.0,0.0,8.0,4.0,5.0,5.0
d93d8,2019-05-27,22,1.0,3.0,0.0,0.0,2.0,0.0,5.0
d93d8,2019-05-27,23,1.0,0.0,0.0,4.0,4.0,2.0,2.0
d93d8,2019-05-28,0,0.0,4.0,0.0,0.0,4.0,1.0,3.0
d93d8,2019-05-28,1,0.0,3.0,0.0,0.0,1.0,0.0,1.0
d93d8,2019-05-28,2,1.0,12.0,0.0,6.0,3.0,7.0,1.0
d93d8,2019-05-28,3,0.0,1.0,0.0,0.0,0.0,0.0,0.0
d93d8,2019-05-28,4,2.0,4.0,0.0,3.0,5.0,3.0,0.0
d93d8,2019-05-28,5,1.0,8.0,0.0,3.0,7.0,4.0,3.0
d93d8,2019-05-28,6,1.0,7.0,0.0,0.0,5.0,0.0,0.0
d93d8,2019-05-28,7,5.0,4.0,0.0,8.0,8.0,17.0,1.0
d93d8,2019-05-28,8,8.0,7.0,2.0,0.0,12.0,2.0,6.0
d93d8,2019-05-28,9,0.0,2.0,2.0,0.0,1.0,0.0,1.0
d93d8,2019-05-28,10,1.0,4.0,2.0,6.0,11.0,7.0,11.0
d93d8,2019-05-28,11,1.0,0.0,0.0,14.0,15.0,18.0,9.0
d93d8,2019-05-28,12,3.0,7.0,0.0,10.0,11.0,13.0,7.0
d93d8,2019-05-28,13,0.0,0.0,0.0,2.0,2.0,1.0,6.0
d93d8,2019-05-28,14,1.0,5.0,0.0,6.0,5.0,7.0,5.0
d93d8,2019-05-28,15,2.0,3.0,0.0,0.0,6.0,2.0,6.0
d93d8,2019-05-28,16,1.0,2.0,0.0,0.0,3.0,0.0,5.0
d93d8,2019-05-28,17,4.0,21.0,6.0,2.0,21.0,7.0,11.0
d93d8,2019-05-28,20,2.0,5.0,2.0,0.0,5.0,1.0,4.0
d93d8,2019-05-28,21,0.0,0.0,0.0,4.0,4.0,4.0,8.0
d93d8,2019-05-28,22,0.0,0.0,0.0,0.0,1.0,2.0,5.0
d93d8,2019-05-28,23,1.0,6.0,0.0,0.0,5.0,2.0,8.0
d93d8,2019-05-29,0,1.0,2.0,0.0,0.0,2.0,0.0,4.0
d93d8,2019-05-29,1,1.0,15.0,0.0,12.0,5.0,7.0,1.0
d93d8,2019-05-29,2,0.0,11.0,0.0,0.0,0.0,0.0,0.0
d93d8,2019-05-29,3,1.0,5.0,0.0,4.0,4.0,3.0,1.0
d93d8,2019-05-29,4,2.0,12.0,0.0,0.0,2.0,0.0,0.0
d93d8,2019-05-29,5,1.0,7.0,0.0,0.0,2.0,1.0,1.0
d93d8,2019-05-29,6,1.0,5.0,0.0,4.0,5.0,4.0,1.0
d93d8,2019-05-29,7,2.0,2.0,0.0,0.0,4.0,4.0,1.0
d93d8,2019-05-29,8,8.0,5.0,0.0,8.0,12.0,9.0,6.0
d93d8,2019-05-29,9,3.0,6.0,2.0,4.0,12.0,5.0,7.0
d93d8,2019-05-29,10,3.0,3.0,0.0,0.0,6.0,0.0,10.0
d93d8,2019-05-29,11,10.0,5.0,2.0,0.0,10.0,0.0,1.0
d93d8,2019-05-29,13,1.0,3.0,2.0,16.0,6.0,8.0,6.0
d93d8,2019-05-29,14,6.0,7.0,4.0,2.0,22.0,17.0,15.0
d93d8,2019-05-29,15,5.0,5.0,2.0,5.0,11.0,8.0,17.0
d93d8,2019-05-29,16,0.0,1.0,0.0,1.0,5.0,4.0,7.0
d93d8,2019-05-29,17,2.0,2.0,0.0,6.0,8.0,7.0,8.0
d93d8,2019-05-29,18,2.0,0.0,0.0,7.0,5.0,13.0,7.0
d93d8,2019-05-29,19,1.0,0.0,0.0,1.0,2.0,2.0,3.0
d93d8,2019-05-29,20,1.0,0.0,0.0,4.0,2.0,2.0,4.0
d93d8,2019-05-29,21,1.0,0.0,0.0,2.0,4.0,5.0,5.0
d93d8,2019-05-29,22,1.0,0.0,0.0,2.0,2.0,1.0,5.0
d93d8,2019-05-29,23,2.0,2.0,0.0,4.0,8.0,5.0,10.0
d93d8,2019-05-30,0,2.0,2.0,0.0,4.0,5.0,3.0,6.0
d93d8,2019-05-30,1,1.0,21.0,0.0,0.0,3.0,0.0,1.0
d93d8,2019-05-30,2,1.0,13.0,0.0,6.0,3.0,4.0,0.0
d93d8,2019-05-30,3,1.0,9.0,0.0,2.0,2.0,4.0,4.0
d93d8,2019-05-30,4,1.0,7.0,0.0,2.0,1.0,1.0,1.0
d93d8,2019-05-30,5,3.0,6.0,0.0,0.0,4.0,1.0,0.0
d93d8,2019-05-30,6,6.0,10.0,0.0,2.0,8.0,1.0,1.0
d93d8,2019-05-30,7,1.0,10.0,0.0,2.0,2.0,3.0,2.0
d93d8,2019-05-30,8,10.0,10.0,0.0,6.0,10.0,9.0,2.0
d93d8,2019-05-30,9,2.0,5.0,6.0,4.0,6.0,4.0,3.0
d93d8,2019-05-30,10,0.0,0.0,0.0,4.0,4.0,2.0,5.0
d93d8,2019-05-30,11,6.0,16.0,4.0,6.0,19.0,6.0,18.0
d93d8,2019-05-30,12,3.0,8.0,2.0,0.0,7.0,0.0,2.0
d93d8,2019-05-30,16,2.0,6.0,2.0,8.0,13.0,15.0,9.0
d93d8,2019-05-30,17,0.0,7.0,0.0,14.0,10.0,21.0,2.0
d93d8,2019-05-30,18,5.0,6.0,0.0,10.0,19.0,18.0,8.0
d93d8,2019-05-30,19,0.0,1.0,0.0,10.0,3.0,5.0,4.0
d93d8,2019-05-30,20,0.0,0.0,0.0,0.0,0.0,0.0,2.0
d93d8,2019-05-30,21,1.0,0.0,0.0,0.0,2.0,1.0,7.0
d93d8,2019-05-30,22,1.0,0.0,0.0,0.0,4.0,3.0,5.0
d93d8,2019-05-30,23,1.0,2.0,0.0,2.0,3.0,2.0,2.0
d93d8,2019-05-31,0,2.0,4.0,0.0,6.0,10.0,7.0,9.0
d93d8,2019-05-31,1,0.0,13.0,0.0,0.0,1.0,0.0,1.0
d93d8,2019-05-31,2,0.0,11.0,0.0,0.0,0.0,0.0,0.0
d93d8,2019-05-31,3,2.0,8.0,0.0,0.0,3.0,1.0,0.0
d93d8,2019-05-31,4,1.0,3.0,0.0,10.0,4.0,7.0,3.0
d93d8,2019-05-31,5,0.0,8.0,0.0,0.0,0.0,0.0,0.0
d93d8,2019-05-31,6,1.0,8.0,0.0,6.0,3.0,8.0,2.0
d93d8,2019-05-31,7,4.0,7.0,0.0,8.0,9.0,12.0,1.0
d93d8,2019-05-31,8,5.0,15.0,0.0,4.0,11.0,6.0,8.0
d93d8,2019-05-31,9,6.0,9.0,4.0,0.0,9.0,2.0,5.0
d93d8,2019-05-31,13,2.0,2.0,4.0,3.0,6.0,3.0,3.0
d93d8,2019-05-31,14,0.0,4.0,4.0,5.0,12.0,21.0,5.0
d93d8,2019-05-31,15,0.0,2.0,6.0,4.0,5.0,6.0,6.0
d93d8,2019-05-31,16,0.0,0.0,0.0,0.0,2.0,2.0,7.0
d93d8,2019-05-31,17,2.0,3.0,0.0,12.0,12.0,6.0,12.0
d93d8,2019-05-31,18,3.0,4.0,0.0,22.0,11.0,15.0,9.0
d93d8,2019-05-31,19,0.0,2.0,0.0,2.0,3.0,3.0,4.0
d93d8,2019-05-31,20,1.0,1.0,0.0,2.0,4.0,1.0,4.0
d93d8,2019-05-31,21,1.0,0.0,0.0,2.0,3.0,2.0,9.0
d93d8,2019-05-31,22,2.0,0.0,0.0,2.0,7.0,7.0,12.0
d93d8,2019-05-31,23,1.0,2.0,0.0,0.0,3.0,0.0,6.0
d93d8,2019-06-01,0,2.0,10.0,0.0,8.0,8.0,9.0,5.0
d93d8,2019-06-01,1,1.0,9.0,0.0,2.0,2.0,2.0,0.0
d93d8,2019-06-01,2,1.0,12.0,0.0,2.0,5.0,1.0,1.0
d93d8,2019-06-01,3,1.0,10.0,0.0,6.0,5.0,9.0,5.0
d93d8,2019-06-01,4,1.0,1.0,0.0,0.0,1.0,1.0,1.0
d93d8,2019-06-01,5,2.0,8.0,0.0,0.0,4.0,1.0,1.0
d93d8,2019-06-01,6,2.0,4.0,0.0,0.0,3.0,1.0,0.0
d93d8,2019-06-01,7,4.0,5.0,0.0,0.0,7.0,4.0,4.0
d93d8,2019-06-01,8,0.0,1.0,0.0,0.0,0.0,0.0,0.0
d93d8,2019-06-01,9,5.0,10.0,0.0,8.0,4.0,10.0,1.0
d93d8,2019-06-01,10,0.0,4.0,0.0,0.0,2.0,4.0,1.0
d93d8,2019-06-01,11,2.0,8.0,0.0,0.0,5.0,1.0,2.0
d93d8,2019-06-01,12,5.0,8.0,0.0,14.0,9.0,17.0,4.0
d93d8,2019-06-01,13,5.0,0.0,0.0,6.0,11.0,8.0,9.0
d93d8,2019-06-01,14,0.0,4.0,0.0,2.0,9.0,5.0,11.0
d93d8,2019-06-01,15,0.0,0.0,0.0,4.0,3.0,2.0,3.0
d93d8,2019-06-01,16,0.0,0.0,0.0,6.0,9.0,3.0,4.0
d93d8,2019-06-01,17,1.0,1.0,0.0,0.0,7.0,3.0,11.0
d93d8,2019-06-01,18,1.0,0.0,0.0,14.0,6.0,12.0,4.0
d93d8,2019-06-01,19,1.0,1.0,0.0,12.0,7.0,5.0,7.0
d93d8,2019-06-01,20,0.0,0.0,0.0,0.0,1.0,1.0,4.0
d93d8,2019-06-01,21,0.0,0.0,0.0,0.0,0.0,0.0,7.0
d93d8,2019-06-01,22,0.0,0.0,0.0,0.0,3.0,1.0,6.0
d93d8,2019-06-01,23,1.0,4.0,0.0,2.0,5.0,3.0,7.0
d93d8,2019-06-02,0,1.0,1.0,0.0,2.0,3.0,3.0,7.0
d93d8,2019-06-02,1,2.0,7.0,0.0,0.0,5.0,1.0,4.0
d93d8,2019-06-02,2,1.0,6.0,0.0,0.0,2.0,0.0,0.0
d93d8,2019-06-02,3,1.0,9.0,0.0,0.0,2.0,0.0,0.0
d93d8,2019-06-02,4,2.0,7.0,0.0,8.0,7.0,5.0,4.0
d93d8,2019-06-02,5,0.0,3.0,0.0,2.0,3.0,1.0,3.0
d93d8,2019-06-02,6,2.0,20.0,0.0,0.0,2.0,2.0,1.0
d93d8,2019-06-02,7,2.0,3.0,0.0,16.0,9.0,10.0,8.0
d93d8,2019-06-02,8,0.0,3.0,0.0,6.0,4.0,14.0,1.0
d93d8,2019-06-02,9,0.0,19.0,0.0,0.0,3.0,2.0,1.0
d93d8,2019-06-02,10,8.0,18.0,6.0,0.0,10.0,1.0,3.0
d93d8,2019-06-02,11,2.0,4.0,0.0,6.0,9.0,5.0,5.0
d93d8,2019-06-02,12,3.0,1.0,0.0,12.0,4.0,8.0,1.0
d93d8,2019-06-02,13,1.0,2.0,0.0,6.0,2.0,6.0,5.0
d93d8,2019-06-02,14,0.0,0.0,0.0,0.0,0.0,0.0,2.0
d93d8,2019-06-02,15,1.0,3.0,0.0,16.0,8.0,12.0,4.0
d93d8,2019-06-02,16,1.0,0.0,0.0,2.0,1.0,0.0,3.0
d93d8,2019-06-02,17,1.0,0.0,0.0,0.0,2.0,0.0,2.0
d93d8,2019-06-02,18,1.0,2.0,0.0,14.0,8.0,12.0,6.0
d93d8,2019-06-02,19,0.0,0.0,0.0,8.0,4.0,4.0,7.0
d93d8,2019-06-02,20,1.0,0.0,0.0,0.0,4.0,0.0,8.0
d93d8,2019-06-02,21,1.0,1.0,2.0,8.0,11.0,10.0,10.0
d93d8,2019-06-02,22,0.0,0.0,0.0,0.0,2.0,1.0,13.0
d93d8,2019-06-02,23,3.0,6.0,0.0,4.0,8.0,6.0,10.0
d93d8,2019-06-03,0,1.0,4.0,0.0,0.0,2.0,1.0,4.0
d93d8,2019-06-03,1,1.0,12.0,0.0,0.0,2.0,0.0,0.0
d93d8,2019-06-03,2,4.0,12.0,0.0,6.0,5.0,4.0,1.0
d93d8,2019-06-03,3,1.0,3.0,0.0,0.0,2.0,0.0,0.0
d93d8,2019-06-03,4,1.0,2.0,0.0,2.0,8.0,9.0,5.0
d93d8,2019-06-03,5,1.0,3.0,0.0,0.0,2.0,1.0,2.0
d93d8,2019-06-03,6,4.0,7.0,0.0,0.0,8.0,1.0,2.0
d93d8,2019-06-03,7,1.0,9.0,0.0,0.0,2.0,0.0,1.0
d93d8,2019-06-03,8,6.0,3.0,0.0,12.0,11.0,10.0,1.0
d93d8,2019-06-03,9,7.0,10.0,2.0,8.0,14.0,8.0,10.0
d93d8,2019-06-03,11,1.0,2.0,2.0,4.0,5.0,3.0,1.0
d93d8,2019-06-03,12,4.0,1.0,0.0,8.0,7.0,7.0,6.0
d93d8,2019-06-03,13,1.0,8.0,2.0,6.0,10.0,6.0,8.0
d93d8,2019-06-04,0,0.0,4.0,0.0,0.0,0.0,0.0,0.0
d93d8,2019-06-04,1,0.0,12.0,0.0,0.0,1.0,1.0,0.0
d93d8,2019-06-04,2,3.0,5.0,0.0,0.0,3.0,0.0,0.0
d93d8,2019-06-04,3,0.0,7.0,0.0,0.0,1.0,0.0,0.0
d93d8,2019-06-04,4,0.0,5.0,0.0,0.0,0.0,0.0,0.0
d93d8,2019-06-04,5,3.0,6.0,0.0,0.0,5.0,0.0,1.0
d93d8,2019-06-04,6,1.0,6.0,0.0,0.0,3.0,2.0,1.0
d93d8,2019-06-04,7,1.0,6.0,0.0,4.0,11.0,7.0,9.0
d93d8,2019-06-04,8,1.0,5.0,0.0,0.0,3.0,0.0,3.0
d93d8,2019-06-04,9,2.0,2.0,0.0,10.0,8.0,14.0,3.0
d93d8,2019-06-04,10,4.0,0.0,2.0,16.0,12.0,12.0,12.0
d93d8,2019-06-04,11,8.0,1.0,0.0,6.0,10.0,3.0,16.0
d93d8,2019-06-04,12,1.0,0.0,0.0,14.0,7.0,13.0,6.0
d93d8,2019-06-04,13,2.0,1.0,0.0,2.0,4.0,2.0,4.0
d93d8,2019-06-04,14,0.0,0.0,0.0,0.0,0.0,0.0,3.0
d93d8,2019-06-04,15,3.0,11.0,4.0,8.0,14.0,7.0,5.0
d93d8,2019-06-04,16,2.0,5.0,0.0,0.0,10.0,6.0,9.0
d93d8,2019-06-04,17,8.0,14.0,0.0,4.0,14.0,10.0,18.0
d93d8,2019-06-04,18,4.0,1.0,0.0,12.0,11.0,26.0,3.0
d93d8,2019-06-04,19,0.0,1.0,0.0,2.0,2.0,1.0,6.0
d93d8,2019-06-04,20,1.0,0.0,0.0,0.0,1.0,1.0,4.0
d93d8,2019-06-04,21,0.0,1.0,0.0,1.0,3.0,3.0,4.0
d93d8,2019-06-04,22,0.0,0.0,0.0,1.0,4.0,1.0,8.0
d93d8,2019-06-04,23,3.0,1.0,0.0,3.0,6.0,1.0,8.0
d93d8,2019-06-05,0,2.0,3.0,0.0,8.0,7.0,9.0,7.0
d93d8,2019-06-05,1,0.0,7.0,0.0,0.0,0.0,0.0,0.0
d93d8,2019-06-05,2,2.0,10.0,0.0,0.0,2.0,0.0,0.0
d93d8,2019-06-05,3,0.0,3.0,0.0,0.0,2.0,0.0,2.0
d93d8,2019-06-05,4,2.0,5.0,0.0,4.0,9.0,9.0,7.0
d93d8,2019-06-05,5,0.0,5.0,0.0,2.0,3.0,2.0,2.0
d93d8,2019-06-05,6,1.0,6.0,0.0,0.0,2.0,0.0,1.0
d93d8,2019-06-05,7,3.0,4.0,0.0,0.0,6.0,0.0,0.0
d93d8,2019-06-05,8,2.0,20.0,0.0,4.0,8.0,7.0,3.0
d93d8,2019-06-05,9,12.0,6.0,2.0,4.0,17.0,14.0,9.0
d93d8,2019-06-05,10,3.0,4.0,0.0,2.0,9.0,19.0,0.0
d93d8,2019-06-05,11,4.0,3.0,0.0,6.0,13.0,9.0,22.0
d93d8,2019-06-05,12,2.0,2.0,2.0,8.0,15.0,5.0,15.0
d93d8,2019-06-05,13,0.0,0.0,2.0,0.0,2.0,1.0,3.0
d93d8,2019-06-05,14,3.0,1.0,2.0,8.0,6.0,5.0,9.0
d93d8,2019-06-05,15,1.0,1.0,0.0,10.0,10.0,16.0,9.0
d93d8,2019-06-05,16,2.0,2.0,0.0,4.0,7.0,10.0,7.0
d93d8,2019-06-05,17,1.0,0.0,0.0,0.0,1.0,0.0,7.0
d93d8,2019-06-05,18,6.0,11.0,4.0,2.0,22.0,8.0,11.0
d93d8,2019-06-05,19,0.0,1.0,2.0,0.0,4.0,1.0,2.0
d93d8,2019-06-05,21,2.0,3.0,2.0,26.0,7.0,11.0,8.0
d93d8,2019-06-05,22,0.0,1.0,0.0,4.0,5.0,3.0,10.0
d93d8,2019-06-05,23,2.0,1.0,0.0,0.0,5.0,4.0,8.0
d93d8,2019-06-06,0,0.0,11.0,0.0,0.0,0.0,0.0,0.0
d93d8,2019-06-06,1,2.0,7.0,0.0,4.0,9.0,8.0,7.0
d93d8,2019-06-06,2,0.0,14.0,0.0,0.0,0.0,0.0,0.0
d93d8,2019-06-06,3,2.0,6.0,0.0,0.0,2.0,0.0,0.0
d93d8,2019-06-06,5,2.0,6.0,0.0,6.0,5.0,6.0,11.0
d93d8,2019-06-06,6,1.0,1.0,0.0,2.0,1.0,1.0,2.0
d93d8,2019-06-06,7,3.0,3.0,0.0,4.0,4.0,7.0,2.0
d93d8,2019-06-06,8,8.0,6.0,0.0,6.0,8.0,12.0,2.0
d93d8,2019-06-06,9,1.0,5.0,4.0,0.0,5.0,0.0,0.0
d93d8,2019-06-06,10,3.0,3.0,0.0,4.0,5.0,2.0,4.0
d93d8,2019-06-06,11,0.0,6.0,2.0,16.0,7.0,6.0,3.0
d93d8,2019-06-06,12,0.0,3.0,4.0,0.0,1.0,0.0,1.0
d93d8,2019-06-06,15,1.0,5.0,2.0,2.0,7.0,2.0,8.0
d93d8,2019-06-06,16,3.0,7.0,0.0,2.0,8.0,2.0,6.0
d93d8,2019-06-06,17,4.0,2.0,0.0,11.0,13.0,17.0,7.0
d93d8,2019-06-06,18,2.0,0.0,0.0,17.0,12.0,20.0,11.0
d93d8,2019-06-06,19,0.0,0.0,0.0,2.0,2.0,2.0,3.0
d93d8,2019-06-06,20,1.0,1.0,0.0,10.0,9.0,6.0,14.0
d93d8,2019-06-06,21,2.0,0.0,0.0,2.0,3.0,1.0,4.0
d93d8,2019-06-06,22,1.0,1.0,0.0,0.0,3.0,1.0,7.0
d93d8,2019-06-06,23,0.0,3.0,0.0,2.0,5.0,3.0,4.0
d93d8,2019-06-07,0,2.0,1.0,0.0,2.0,6.0,4.0,5.0
d93d8,2019-06-07,1,0.0,5.0,0.0,0.0,0.0,0.0,0.0
d93d8,2019-06-07,2,2.0,6.0,0.0,8.0,2.0,7.0,0.0
d93d8,2019-06-07,3,2.0,11.0,0.0,0.0,4.0,0.0,0.0
d93d8,2019-06-07,4,3.0,10.0,0.0,4.0,5.0,7.0,2.0
d93d8,2019-06-07,5,1.0,11.0,0.0,6.0,4.0,3.0,1.0
d93d8,2019-06-07,6,1.0,13.0,0.0,0.0,4.0,3.0,0.0
d93d8,2019-06-07,7,2.0,8.0,0.0,2.0,5.0,3.0,1.0
d93d8,2019-06-07,8,4.0,8.0,0.0,1.0,4.0,4.0,0.0
d93d8,2019-06-07,9,5.0,9.0,6.0,9.0,12.0,8.0,7.0
d93d8,2019-06-07,12,2.0,1.0,2.0,20.0,7.0,11.0,5.0
d93d8,2019-06-07,13,5.0,2.0,4.0,8.0,11.0,6.0,3.0
d93d8,2019-06-07,14,1.0,1.0,0.0,14.0,5.0,10.0,3.0
d93d8,2019-06-07,15,15.0,8.0,0.0,4.0,12.0,8.0,8.0
d93d8,2019-06-07,16,1.0,0.0,0.0,2.0,4.0,2.0,7.0
d93d8,2019-06-07,17,6.0,5.0,0.0,0.0,7.0,8.0,8.0
d93d8,2019-06-07,18,0.0,2.0,0.0,12.0,11.0,17.0,13.0
d93d8,2019-06-07,19,1.0,2.0,0.0,2.0,2.0,6.0,6.0
d93d8,2019-06-07,20,1.0,0.0,0.0,2.0,2.0,1.0,6.0
d93d8,2019-06-07,21,1.0,1.0,0.0,0.0,2.0,1.0,4.0
d93d8,2019-06-07,22,0.0,1.0,0.0,2.0,2.0,3.0,7.0
d93d8,2019-06-07,23,2.0,3.0,0.0,4.0,6.0,4.0,8.0
d93d8,2019-06-08,0,2.0,9.0,0.0,4.0,8.0,5.0,7.0
d93d8,2019-06-08,1,1.0,10.0,0.0,2.0,1.0,2.0,0.0
d93d8,2019-06-08,2,1.0,9.0,0.0,4.0,3.0,4.0,0.0
d93d8,2019-06-08,3,2.0,6.0,0.0,0.0,4.0,0.0,0.0
d93d8,2019-06-08,4,1.0,7.0,0.0,0.0,2.0,0.0,0.0
d93d8,2019-06-08,5,0.0,4.0,0.0,0.0,0.0,0.0,0.0
d93d8,2019-06-08,6,0.0,2.0,0.0,0.0,0.0,0.0,0.0
d93d8,2019-06-08,7,2.0,12.0,0.0,4.0,10.0,9.0,5.0
d93d8,2019-06-08,8,3.0,8.0,0.0,8.0,7.0,12.0,6.0
d93d8,2019-06-08,9,0.0,5.0,0.0,6.0,2.0,3.0,3.0
d93d8,2019-06-08,10,1.0,14.0,0.0,4.0,8.0,1.0,6.0
d93d8,2019-06-08,11,1.0,7.0,0.0,8.0,10.0,7.0,9.0
d93d8,2019-06-08,12,2.0,8.0,0.0,10.0,10.0,22.0,6.0
d93d8,2019-06-08,13,0.0,1.0,0.0,0.0,1.0,0.0,3.0
d93d8,2019-06-08,14,2.0,1.0,0.0,6.0,4.0,4.0,6.0
d93d8,2019-06-08,15,1.0,0.0,0.0,6.0,9.0,9.0,7.0
d93d8,2019-06-08,16,2.0,6.0,6.0,2.0,12.0,5.0,7.0
d93d8,2019-06-08,17,1.0,2.0,0.0,0.0,5.0,5.0,3.0
d93d8,2019-06-08,18,2.0,1.0,0.0,4.0,12.0,25.0,7.0
d93d8,2019-06-08,19,0.0,0.0,0.0,0.0,0.0,0.0,2.0
d93d8,2019-06-08,20,1.0,0.0,0.0,4.0,5.0,5.0,8.0
d93d8,2019-06-08,21,1.0,0.0,0.0,0.0,2.0,1.0,4.0
d93d8,2019-06-08,22,0.0,0.0,0.0,2.0,4.0,2.0,5.0
d93d8,2019-06-08,23,1.0,2.0,0.0,0.0,2.0,1.0,4.0
d93d8,2019-06-09,0,0.0,0.0,0.0,6.0,3.0,5.0,6.0
d93d8,2019-06-09,1,2.0,9.0,0.0,0.0,3.0,0.0,3.0
d93d8,2019-06-09,2,2.0,5.0,0.0,2.0,5.0,5.0,2.0
d93d8,2019-06-09,3,1.0,10.0,0.0,6.0,4.0,7.0,2.0
d93d8,2019-06-09,4,0.0,1.0,0.0,0.0,0.0,0.0,0.0
d93d8,2019-06-09,5,2.0,3.0,0.0,0.0,3.0,0.0,0.0
d93d8,2019-06-09,6,0.0,1.0,0.0,0.0,0.0,0.0,0.0
d93d8,2019-06-09,7,4.0,6.0,0.0,6.0,5.0,12.0,4.0
d93d8,2019-06-09,8,1.0,5.0,0.0,10.0,5.0,14.0,4.0
d93d8,2019-06-09,9,2.0,2.0,0.0,0.0,2.0,2.0,3.0
d93d8,2019-06-09,10,2.0,3.0,0.0,2.0,3.0,6.0,4.0
d93d8,2019-06-09,11,0.0,0.0,0.0,0.0,2.0,0.0,6.0
d93d8,2019-06-09,12,1.0,1.0,0.0,8.0,4.0,4.0,10.0
d93d8,2019-06-09,13,1.0,0.0,0.0,3.0,3.0,10.0,9.0
d93d8,2019-06-09,14,2.0,1.0,0.0,1.0,6.0,5.0,8.0
d93d8,2019-06-09,15,0.0,2.0,0.0,0.0,4.0,1.0,3.0
d93d8,2019-06-09,16,1.0,1.0,0.0,6.0,4.0,6.0,6.0
d93d8,2019-06-09,17,3.0,1.0,0.0,6.0,13.0,11.0,10.0
d93d8,2019-06-09,18,4.0,0.0,0.0,0.0,7.0,13.0,6.0
d93d8,2019-06-09,19,1.0,1.0,0.0,4.0,8.0,7.0,9.0
d93d8,2019-06-09,20,0.0,0.0,0.0,0.0,0.0,0.0,1.0
d93d8,2019-06-09,21,1.0,0.0,0.0,0.0,2.0,1.0,8.0
d93d8,2019-06-09,22,1.0,3.0,0.0,4.0,3.0,2.0,3.0
d93d8,2019-06-09,23,1.0,3.0,0.0,4.0,7.0,7.0,12.0
d93d8,2019-06-10,0,2.0,11.0,0.0,2.0,3.0,1.0,2.0
d93d8,2019-06-10,1,0.0,11.0,0.0,0.0,0.0,0.0,0.0
d93d8,2019-06-10,2,1.0,9.0,0.0,0.0,2.0,0.0,0.0
d93d8,2019-06-10,3,0.0,4.0,0.0,0.0,0.0,0.0,0.0
d93d8,2019-06-10,4,1.0,8.0,0.0,2.0,8.0,6.0,4.0
d93d8,2019-06-10,5,1.0,5.0,0.0,2.0,4.0,4.0,3.0
d93d8,2019-06-10,6,0.0,1.0,0.0,0.0,0.0,0.0,0.0
d93d8,2019-06-10,7,4.0,5.0,0.0,2.0,5.0,5.0,0.0
d93d8,2019-06-10,8,6.0,7.0,0.0,15.0,7.0,11.0,0.0
d93d8,2019-06-10,9,6.0,6.0,2.0,5.0,17.0,6.0,12.0
d93d8,2019-06-10,10,0.0,0.0,0.0,0.0,0.0,0.0,3.0
d93d8,2019-06-10,11,1.0,1.0,2.0,2.0,6.0,7.0,2.0
d93d8,2019-06-10,12,4.0,3.0,0.0,12.0,10.0,17.0,6.0
d93d8,2019-06-10,13,4.0,8.0,2.0,2.0,8.0,4.0,3.0
d93d8,2019-06-10,15,2.0,2.0,6.0,25.0,11.0,17.0,4.0
d93d8,2019-06-10,16,1.0,5.0,0.0,9.0,11.0,14.0,9.0
d93d8,2019-06-10,17,1.0,2.0,0.0,4.0,7.0,18.0,2.0
d93d8,2019-06-10,18,1.0,0.0,0.0,16.0,13.0,14.0,5.0
d93d8,2019-06-10,19,0.0,0.0,0.0,2.0,3.0,2.0,5.0
d93d8,2019-06-10,20,1.0,1.0,0.0,16.0,4.0,7.0,7.0
d93d8,2019-06-10,21,0.0,0.0,0.0,2.0,4.0,4.0,5.0
d93d8,2019-06-10,22,0.0,0.0,0.0,0.0,0.0,0.0,4.0
d93d8,2019-06-10,23,3.0,3.0,0.0,0.0,6.0,1.0,6.0
d93d8,2019-06-11,0,3.0,7.0,0.0,6.0,9.0,6.0,6.0
d93d8,2019-06-11,1,0.0,14.0,0.0,0.0,0.0,0.0,0.0
d93d8,2019-06-11,2,3.0,8.0,0.0,0.0,4.0,0.0,0.0
d93d8,2019-06-11,3,2.0,8.0,0.0,0.0,2.0,0.0,0.0
d93d8,2019-06-11,4,3.0,4.0,0.0,4.0,3.0,7.0,1.0
d93d8,2019-06-11,5,0.0,13.0,0.0,0.0,0.0,0.0,0.0
d93d8,2019-06-11,6,0.0,2.0,0.0,0.0,0.0,0.0,0.0
d93d8,2019-06-11,7,6.0,9.0,0.0,6.0,13.0,12.0,9.0
d93d8,2019-06-11,8,6.0,7.0,4.0,8.0,17.0,8.0,5.0
d93d8,2019-06-11,9,2.0,3.0,0.0,2.0,5.0,1.0,2.0
d93d8,2019-06-11,10,0.0,2.0,2.0,4.0,7.0,6.0,5.0
d93d8,2019-06-11,11,2.0,6.0,0.0,16.0,14.0,7.0,13.0
d93d8,2019-06-11,12,3.0,0.0,0.0,0.0,4.0,1.0,6.0
d93d8,2019-06-11,13,1.0,0.0,0.0,19.0,7.0,21.0,4.0
d93d8,2019-06-11,14,1.0,5.0,4.0,7.0,6.0,2.0,5.0
d93d8,2019-06-11,15,2.0,2.0,2.0,6.0,8.0,8.0,6.0
d93d8,2019-06-11,16,2.0,0.0,0.0,4.0,4.0,5.0,10.0
d93d8,2019-06-11,17,3.0,1.0,0.0,2.0,6.0,2.0,7.0
d93d8,2019-06-11,18,2.0,2.0,0.0,14.0,11.0,18.0,4.0
d93d8,2019-06-11,19,5.0,0.0,0.0,10.0,8.0,7.0,6.0
d93d8,2019-06-11,20,0.0,0.0,0.0,0.0,0.0,0.0,6.0
d93d8,2019-06-11,21,1.0,0.0,0.0,8.0,5.0,7.0,8.0
d93d8,2019-06-11,22,1.0,0.0,0.0,0.0,2.0,0.0,7.0
d93d8,2019-06-11,23,2.0,3.0,0.0,2.0,8.0,5.0,10.0
d93d8,2019-06-12,0,1.0,2.0,0.0,2.0,3.0,2.0,10.0
d93d8,2019-06-12,1,3.0,10.0,0.0,0.0,4.0,0.0,4.0
d93d8,2019-06-12,2,2.0,8.0,0.0,6.0,7.0,4.0,1.0
d93d8,2019-06-12,3,0.0,5.0,0.0,0.0,0.0,0.0,0.0
d93d8,2019-06-12,4,3.0,8.0,0.0,4.0,4.0,6.0,0.0
d93d8,2019-06-12,5,0.0,6.0,0.0,0.0,0.0,0.0,0.0
d93d8,2019-06-12,6,6.0,4.0,0.0,4.0,8.0,3.0,6.0
d93d8,2019-06-12,7,0.0,3.0,0.0,0.0,1.0,0.0,1.0
d93d8,2019-06-12,8,2.0,8.0,0.0,6.0,9.0,6.0,4.0
d93d8,2019-06-12,9,3.0,12.0,2.0,0.0,17.0,14.0,7.0
d93d8,2019-06-12,10,2.0,1.0,0.0,8.0,11.0,10.0,10.0
d93d8,2019-06-12,11,0.0,0.0,0.0,0.0,0.0,0.0,2.0
d93d8,2019-06-12,12,1.0,0.0,0.0,8.0,9.0,10.0,7.0
d93d8,2019-06-12,13,3.0,3.0,0.0,2.0,8.0,4.0,9.0
d93d8,2019-06-12,14,5.0,0.0,4.0,0.0,12.0,1.0,13.0
d93d8,2019-06-12,15,6.0,6.0,2.0,6.0,15.0,11.0,10.0
d93d8,2019-06-12,16,1.0,0.0,0.0,0.0,4.0,3.0,8.0
d93d8,2019-06-12,17,3.0,4.0,0.0,12.0,10.0,11.0,5.0
d93d8,2019-06-12,18,1.0,2.0,0.0,10.0,16.0,20.0,9.0
d93d8,2019-06-12,19,0.0,0.0,0.0,4.0,5.0,1.0,7.0
d93d8,2019-06-12,20,1.0,0.0,0.0,2.0,2.0,1.0,6.0
d93d8,2019-06-12,21,1.0,1.0,0.0,4.0,2.0,2.0,8.0
d93d8,2019-06-12,22,1.0,1.0,0.0,2.0,4.0,3.0,9.0
d93d8,2019-06-12,23,1.0,2.0,0.0,4.0,8.0,7.0,12.0
d93d8,2019-06-13,0,4.0,3.0,0.0,4.0,5.0,2.0,4.0
d93d8,2019-06-13,1,2.0,12.0,0.0,4.0,2.0,2.0,0.0
d93d8,2019-06-13,2,0.0,14.0,0.0,5.0,3.0,2.0,1.0
d93d8,2019-06-13,3,3.0,12.0,0.0,0.0,4.0,0.0,0.0
d93d8,2019-06-13,4,3.0,7.0,0.0,4.0,9.0,8.0,8.0
d93d8,2019-06-13,5,0.0,6.0,0.0,2.0,7.0,7.0,7.0
d93d8,2019-06-13,6,0.0,3.0,0.0,0.0,2.0,0.0,1.0
d93d8,2019-06-13,7,5.0,8.0,0.0,6.0,7.0,14.0,2.0
d93d8,2019-06-13,8,7.0,12.0,2.0,0.0,10.0,0.0,2.0
d93d8,2019-06-13,9,0.0,2.0,0.0,0.0,0.0,0.0,0.0
d93d8,2019-06-13,10,3.0,2.0,0.0,2.0,6.0,4.0,6.0
d93d8,2019-06-13,11,1.0,1.0,2.0,10.0,11.0,10.0,6.0
d93d8,2019-06-13,12,0.0,5.0,2.0,4.0,9.0,5.0,2.0
d93d8,2019-06-13,14,0.0,1.0,2.0,2.0,1.0,0.0,6.0
d93d8,2019-06-13,15,1.0,1.0,0.0,6.0,5.0,5.0,10.0
d93d8,2019-06-13,16,3.0,0.0,0.0,4.0,7.0,7.0,5.0
d93d8,2019-06-13,17,2.0,3.0,0.0,2.0,9.0,10.0,5.0
d93d8,2019-06-13,18,1.0,2.0,0.0,22.0,11.0,17.0,5.0
d93d8,2019-06-13,19,2.0,0.0,0.0,4.0,4.0,1.0,8.0
d93d8,2019-06-13,20,3.0,1.0,0.0,2.0,3.0,0.0,12.0
d93d8,2019-06-13,21,2.0,1.0,0.0,0.0,2.0,0.0,2.0
d93d8,2019-06-13,22,0.0,0.0,0.0,6.0,2.0,1.0,3.0
d93d8,2019-06-13,23,4.0,4.0,0.0,2.0,6.0,1.0,7.0
d93d8,2019-06-14,0,2.0,3.0,0.0,4.0,10.0,9.0,10.0
d93d8,2019-06-14,1,0.0,11.0,0.0,0.0,0.0,0.0,0.0
d93d8,2019-06-14,2,2.0,12.0,0.0,0.0,2.0,0.0,0.0
d93d8,2019-06-14,3,1.0,7.0,0.0,0.0,1.0,0.0,0.0
d93d8,2019-06-14,6,2.0,7.0,0.0,0.0,4.0,0.0,1.0
d93d8,2019-06-14,7,3.0,10.0,0.0,4.0,5.0,3.0,4.0
d93d8,2019-06-14,8,7.0,13.0,0.0,2.0,13.0,7.0,9.0
d93d8,2019-06-14,9,0.0,0.0,2.0,0.0,0.0,0.0,0.0
d93d8,2019-06-14,10,0.0,1.0,2.0,11.0,2.0,17.0,0.0
d93d8,2019-06-14,11,3.0,0.0,0.0,5.0,6.0,5.0,7.0
d93d8,2019-06-14,12,4.0,3.0,0.0,4.0,13.0,4.0,10.0
d93d8,2019-06-14,13,2.0,1.0,0.0,6.0,6.0,5.0,4.0
d93d8,2019-06-14,14,5.0,2.0,2.0,4.0,14.0,9.0,13.0
d93d8,2019-06-14,15,5.0,2.0,6.0,8.0,9.0,13.0,9.0
d93d8,2019-06-14,16,0.0,8.0,0.0,2.0,14.0,7.0,10.0
d93d8,2019-06-14,17,4.0,3.0,0.0,4.0,10.0,19.0,6.0
d93d8,2019-06-14,18,3.0,4.0,0.0,16.0,8.0,17.0,5.0
d93d8,2019-06-14,19,2.0,2.0,0.0,2.0,5.0,3.0,7.0
d93d8,2019-06-14,20,1.0,2.0,2.0,6.0,8.0,3.0,14.0
d93d8,2019-06-14,21,1.0,2.0,2.0,2.0,4.0,2.0,12.0
d93d8,2019-06-14,22,0.0,0.0,0.0,0.0,2.0,2.0,5.0
d93d8,2019-06-14,23,1.0,3.0,0.0,0.0,7.0,3.0,7.0
d93d8,2019-06-15,0,0.0,0.0,0.0,4.0,4.0,5.0,4.0
d93d8,2019-06-15,1,1.0,2.0,0.0,4.0,4.0,2.0,7.0
d93d8,2019-06-15,2,1.0,8.0,0.0,0.0,3.0,1.0,0.0
d93d8,2019-06-15,3,1.0,9.0,0.0,8.0,4.0,8.0,2.0
d93d8,2019-06-17,14,2.0,0.0,0.0,14.0,6.0,10.0,5.0
d93d8,2019-06-17,15,3.0,2.0,2.0,2.0,8.0,5.0,6.0
d93d8,2019-06-17,16,1.0,0.0,0.0,4.0,5.0,9.0,4.0
d93d8,2019-06-17,17,0.0,0.0,0.0,4.0,4.0,12.0,6.0
d93d8,2019-06-17,18,1.0,2.0,0.0,12.0,9.0,17.0,6.0
d93d8,2019-06-17,19,1.0,3.0,2.0,4.0,3.0,3.0,6.0
d93d8,2019-06-17,20,1.0,0.0,0.0,8.0,4.0,2.0,10.0
d93d8,2019-06-17,21,0.0,0.0,0.0,2.0,5.0,4.0,9.0
d93d8,2019-06-17,22,1.0,0.0,0.0,0.0,4.0,0.0,7.0
d93d8,2019-06-17,23,0.0,2.0,0.0,0.0,2.0,0.0,6.0
d93d8,2019-06-18,0,2.0,15.0,0.0,0.0,4.0,0.0,2.0
d93d8,2019-06-18,1,0.0,7.0,0.0,0.0,0.0,0.0,0.0
d93d8,2019-06-18,2,3.0,4.0,0.0,4.0,5.0,6.0,3.0
d93d8,2019-06-18,3,0.0,11.0,0.0,0.0,4.0,3.0,1.0
d93d8,2019-06-18,4,1.0,6.0,0.0,0.0,3.0,0.0,3.0
d93d8,2019-06-18,5,1.0,7.0,0.0,0.0,3.0,0.0,1.0
d93d8,2019-06-18,6,2.0,5.0,0.0,4.0,9.0,7.0,5.0
d93d8,2019-06-18,7,0.0,1.0,0.0,0.0,0.0,0.0,0.0
d93d8,2019-06-18,8,0.0,6.0,0.0,0.0,0.0,0.0,0.0
d93d8,2019-06-18,9,6.0,10.0,2.0,10.0,10.0,9.0,7.0
d93d8,2019-06-18,10,1.0,2.0,2.0,4.0,10.0,8.0,4.0
d93d8,2019-06-18,11,1.0,0.0,0.0,0.0,2.0,1.0,3.0
d93d8,2019-06-18,12,3.0,11.0,0.0,14.0,12.0,16.0,6.0
d93d8,2019-06-18,13,2.0,5.0,2.0,0.0,10.0,1.0,8.0
d93d8,2019-06-18,18,1.0,5.0,2.0,0.0,7.0,4.0,12.0
d93d8,2019-06-18,19,2.0,0.0,0.0,0.0,2.0,0.0,8.0
d93d8,2019-06-18,20,0.0,1.0,0.0,0.0,1.0,0.0,5.0
d93d8,2019-06-18,21,1.0,0.0,0.0,6.0,2.0,3.0,7.0
d93d8,2019-06-18,22,0.0,0.0,0.0,0.0,0.0,0.0,3.0
d93d8,2019-06-18,23,4.0,2.0,0.0,6.0,10.0,3.0,6.0
d93d8,2019-06-19,0,2.0,13.0,0.0,4.0,5.0,8.0,0.0
d93d8,2019-06-19,1,1.0,16.0,0.0,2.0,2.0,2.0,0.0
d93d8,2019-06-19,2,1.0,14.0,0.0,0.0,2.0,0.0,2.0
d93d8,2019-06-19,3,3.0,11.0,0.0,0.0,2.0,1.0,0.0
d93d8,2019-06-19,4,1.0,7.0,0.0,0.0,2.0,1.0,2.0
d93d8,2019-06-19,5,0.0,6.0,0.0,4.0,6.0,6.0,6.0
d93d8,2019-06-19,6,1.0,5.0,0.0,2.0,2.0,1.0,2.0
d93d8,2019-06-19,7,3.0,8.0,0.0,0.0,4.0,0.0,2.0
d93d8,2019-06-19,8,5.0,13.0,0.0,4.0,12.0,11.0,5.0
d93d8,2019-06-19,9,7.0,8.0,2.0,24.0,19.0,11.0,8.0
d93d8,2019-06-19,10,7.0,8.0,0.0,2.0,10.0,2.0,4.0
d93d8,2019-06-19,11,1.0,6.0,4.0,0.0,5.0,1.0,0.0
d93d8,2019-06-19,13,0.0,1.0,2.0,0.0,2.0,1.0,0.0
d93d8,2019-06-19,14,4.0,4.0,2.0,4.0,14.0,7.0,10.0
d93d8,2019-06-19,15,3.0,0.0,2.0,0.0,6.0,8.0,10.0
d93d8,2019-06-19,16,1.0,4.0,2.0,12.0,9.0,12.0,5.0
d93d8,2019-06-19,17,1.0,5.0,0.0,4.0,14.0,11.0,11.0
d93d8,2019-06-19,18,1.0,4.0,0.0,22.0,13.0,14.0,12.0
d93d8,2019-06-19,19,2.0,0.0,0.0,8.0,5.0,5.0,6.0
d93d8,2019-06-19,20,0.0,2.0,6.0,2.0,5.0,5.0,9.0
d93d8,2019-06-19,21,0.0,0.0,0.0,0.0,0.0,0.0,3.0
d93d8,2019-06-19,22,1.0,0.0,0.0,2.0,3.0,1.0,9.0
d93d8,2019-06-19,23,1.0,1.0,0.0,0.0,1.0,0.0,8.0
d93d8,2019-06-20,0,0.0,1.0,0.0,2.0,8.0,8.0,9.0
d93d8,2019-06-20,1,3.0,9.0,0.0,2.0,5.0,1.0,4.0
d93d8,2019-06-20,2,0.0,4.0,0.0,0.0,2.0,0.0,2.0
d93d8,2019-06-20,3,1.0,9.0,0.0,4.0,8.0,7.0,5.0
d93d8,2019-06-20,4,2.0,19.0,0.0,2.0,4.0,4.0,3.0
d93d8,2019-06-20,5,3.0,6.0,0.0,0.0,6.0,2.0,3.0
d93d8,2019-06-20,6,2.0,4.0,0.0,0.0,4.0,0.0,3.0
d93d8,2019-06-20,7,1.0,3.0,0.0,4.0,2.0,7.0,1.0
d93d8,2019-06-20,8,10.0,14.0,6.0,4.0,14.0,6.0,5.0
d93d8,2019-06-20,9,5.0,8.0,4.0,2.0,9.0,5.0,6.0
d93d8,2019-06-20,14,1.0,3.0,2.0,10.0,11.0,5.0,7.0
d93d8,2019-06-20,15,0.0,0.0,0.0,12.0,13.0,16.0,8.0
d93d8,2019-06-20,16,5.0,3.0,0.0,10.0,12.0,2.0,12.0
d93d8,2019-06-20,17,3.0,1.0,0.0,2.0,7.0,5.0,7.0
d93d8,2019-06-20,18,2.0,1.0,0.0,10.0,12.0,13.0,7.0
d93d8,2019-06-20,19,2.0,1.0,0.0,4.0,5.0,5.0,10.0
d93d8,2019-06-20,20,1.0,0.0,0.0,4.0,7.0,4.0,11.0
d93d8,2019-06-20,21,2.0,1.0,0.0,0.0,9.0,9.0,10.0
d93d8,2019-06-20,22,1.0,1.0,0.0,0.0,2.0,1.0,5.0
d93d8,2019-06-20,23,0.0,2.0,0.0,0.0,3.0,2.0,2.0
d93d8,2019-06-21,0,0.0,3.0,0.0,0.0,1.0,1.0,1.0
d93d8,2019-06-21,1,1.0,15.0,0.0,2.0,2.0,1.0,0.0
d93d8,2019-06-21,2,2.0,10.0,0.0,0.0,4.0,2.0,0.0
d93d8,2019-06-21,3,4.0,6.0,0.0,0.0,4.0,0.0,0.0
d93d8,2019-06-21,4,1.0,5.0,0.0,0.0,2.0,0.0,0.0
d93d8,2019-06-21,5,2.0,13.0,0.0,2.0,4.0,3.0,1.0
d93d8,2019-06-21,6,2.0,5.0,0.0,2.0,9.0,3.0,6.0
d93d8,2019-06-21,7,1.0,1.0,0.0,0.0,4.0,6.0,0.0
d93d8,2019-06-21,8,9.0,5.0,0.0,10.0,18.0,17.0,1.0
d93d8,2019-06-21,9,6.0,7.0,8.0,2.0,11.0,2.0,3.0
d93d8,2019-06-21,12,1.0,1.0,2.0,4.0,5.0,3.0,6.0
d93d8,2019-06-21,13,0.0,1.0,0.0,4.0,14.0,11.0,14.0
d93d8,2019-06-21,14,5.0,8.0,2.0,8.0,13.0,13.0,8.0
d93d8,2019-06-21,15,13.0,7.0,0.0,2.0,11.0,8.0,3.0
d93d8,2019-06-21,16,8.0,4.0,2.0,2.0,10.0,5.0,7.0
d93d8,2019-06-21,17,2.0,3.0,2.0,4.0,12.0,11.0,11.0
d93d8,2019-06-21,18,2.0,11.0,6.0,0.0,12.0,4.0,10.0
d93d8,2019-06-21,21,1.0,2.0,3.0,6.0,7.0,5.0,6.0
d93d8,2019-06-21,22,0.0,0.0,0.0,0.0,2.0,1.0,10.0
d93d8,2019-06-21,23,1.0,4.0,0.0,0.0,4.0,1.0,10.0
d93d8,2019-06-22,0,5.0,2.0,0.0,4.0,11.0,8.0,13.0
d93d8,2019-06-22,1,1.0,8.0,0.0,0.0,1.0,0.0,0.0
d93d8,2019-06-22,2,1.0,11.0,0.0,0.0,2.0,0.0,0.0
d93d8,2019-06-22,3,1.0,5.0,0.0,4.0,8.0,9.0,8.0
d93d8,2019-06-22,4,1.0,5.0,0.0,2.0,3.0,3.0,6.0
d93d8,2019-06-22,5,0.0,2.0,0.0,0.0,0.0,0.0,0.0
d93d8,2019-06-22,6,2.0,5.0,0.0,0.0,2.0,0.0,0.0
d93d8,2019-06-22,7,0.0,4.0,0.0,0.0,2.0,0.0,0.0
d93d8,2019-06-22,8,0.0,1.0,0.0,0.0,0.0,0.0,0.0
d93d8,2019-06-22,9,5.0,6.0,0.0,6.0,9.0,12.0,3.0
d93d8,2019-06-22,10,2.0,9.0,0.0,4.0,8.0,7.0,5.0
d93d8,2019-06-22,11,1.0,2.0,0.0,2.0,4.0,7.0,5.0
d93d8,2019-06-22,12,0.0,0.0,0.0,0.0,0.0,0.0,2.0
d93d8,2019-06-22,13,0.0,0.0,0.0,12.0,5.0,17.0,2.0
d93d8,2019-06-22,14,7.0,2.0,0.0,4.0,8.0,5.0,6.0
d93d8,2019-06-22,15,1.0,0.0,0.0,6.0,4.0,5.0,8.0
d93d8,2019-06-22,16,2.0,0.0,0.0,2.0,5.0,4.0,3.0
d93d8,2019-06-22,17,1.0,7.0,0.0,4.0,8.0,1.0,5.0
d93d8,2019-06-22,18,2.0,0.0,0.0,28.0,10.0,18.0,6.0
d93d8,2019-06-22,19,0.0,1.0,0.0,4.0,3.0,1.0,5.0
d93d8,2019-06-22,20,0.0,1.0,0.0,0.0,1.0,0.0,5.0
d93d8,2019-06-22,21,1.0,0.0,0.0,2.0,3.0,2.0,4.0
d93d8,2019-06-22,22,1.0,0.0,0.0,2.0,3.0,0.0,9.0
d93d8,2019-06-22,23,1.0,1.0,0.0,2.0,2.0,1.0,8.0
d93d8,2019-06-23,0,6.0,3.0,0.0,4.0,14.0,10.0,14.0
d93d8,2019-06-23,1,0.0,6.0,0.0,0.0,0.0,0.0,0.0
d93d8,2019-06-23,2,2.0,2.0,0.0,0.0,3.0,0.0,2.0
d93d8,2019-06-23,3,2.0,9.0,0.0,0.0,2.0,0.0,0.0
d93d8,2019-06-23,4,3.0,6.0,0.0,2.0,10.0,12.0,4.0
d93d8,2019-06-23,5,3.0,7.0,0.0,2.0,7.0,3.0,8.0
d93d8,2019-06-23,6,3.0,11.0,0.0,0.0,3.0,0.0,0.0
d93d8,2019-06-23,7,6.0,15.0,0.0,0.0,10.0,9.0,2.0
d93d8,2019-06-23,8,0.0,0.0,0.0,12.0,5.0,23.0,3.0
d93d8,2019-06-23,9,4.0,1.0,0.0,4.0,5.0,5.0,5.0
d93d8,2019-06-23,10,0.0,0.0,0.0,0.0,4.0,0.0,4.0
d93d8,2019-06-23,11,5.0,2.0,0.0,8.0,13.0,22.0,3.0
d93d8,2019-06-23,12,2.0,6.0,0.0,4.0,11.0,8.0,7.0
d93d8,2019-06-23,13,2.0,0.0,0.0,8.0,6.0,9.0,11.0
d93d8,2019-06-23,14,0.0,0.0,0.0,2.0,3.0,7.0,4.0
d93d8,2019-06-23,15,2.0,0.0,0.0,0.0,7.0,3.0,8.0
d93d8,2019-06-23,16,2.0,0.0,0.0,6.0,5.0,10.0,2.0
d93d8,2019-06-23,17,0.0,0.0,0.0,2.0,1.0,1.0,2.0
d93d8,2019-06-23,18,0.0,2.0,0.0,10.0,13.0,17.0,6.0
d93d8,2019-06-23,19,0.0,0.0,0.0,0.0,0.0,0.0,4.0
d93d8,2019-06-23,20,1.0,0.0,0.0,8.0,3.0,2.0,6.0
d93d8,2019-06-23,21,0.0,0.0,0.0,0.0,1.0,1.0,1.0
d93d8,2019-06-23,22,1.0,0.0,0.0,2.0,3.0,1.0,4.0
d93d8,2019-06-23,23,1.0,1.0,0.0,4.0,5.0,2.0,7.0
d93d8,2019-06-24,0,1.0,6.0,0.0,4.0,8.0,6.0,9.0
d93d8,2019-06-24,1,0.0,17.0,0.0,4.0,2.0,2.0,0.0
d93d8,2019-06-24,2,1.0,9.0,0.0,0.0,2.0,0.0,0.0
d93d8,2019-06-24,3,1.0,11.0,0.0,0.0,3.0,1.0,0.0
d93d8,2019-06-24,4,2.0,4.0,0.0,0.0,2.0,0.0,1.0
d93d8,2019-06-24,5,1.0,2.0,0.0,0.0,2.0,0.0,1.0
d93d8,2019-06-24,6,3.0,6.0,0.0,0.0,6.0,1.0,1.0
d93d8,2019-06-24,7,3.0,6.0,0.0,10.0,11.0,8.0,7.0
d93d8,2019-06-24,8,10.0,10.0,0.0,4.0,8.0,1.0,4.0
d93d8,2019-06-24,9,2.0,5.0,4.0,0.0,7.0,1.0,1.0
d93d8,2019-06-24,15,1.0,8.0,2.0,6.0,16.0,5.0,4.0
d93d8,2019-06-24,16,0.0,2.0,0.0,0.0,2.0,2.0,10.0
d93d8,2019-06-24,17,0.0,2.0,0.0,2.0,7.0,7.0,7.0
d93d8,2019-06-24,18,3.0,3.0,0.0,20.0,12.0,16.0,8.0
d93d8,2019-06-24,19,0.0,0.0,0.0,2.0,3.0,1.0,5.0
d93d8,2019-06-24,20,1.0,0.0,0.0,0.0,2.0,1.0,10.0
d93d8,2019-06-24,21,2.0,1.0,0.0,4.0,5.0,2.0,9.0
d93d8,2019-06-24,22,0.0,0.0,0.0,0.0,0.0,0.0,6.0
d93d8,2019-06-24,23,0.0,2.0,0.0,8.0,8.0,5.0,7.0
d93d8,2019-06-25,0,0.0,0.0,0.0,6.0,5.0,5.0,6.0
d93d8,2019-06-25,1,3.0,18.0,0.0,2.0,6.0,2.0,2.0
d93d8,2019-06-25,2,1.0,18.0,0.0,0.0,1.0,0.0,0.0
d93d8,2019-06-25,3,1.0,4.0,0.0,0.0,4.0,0.0,4.0
d93d8,2019-06-25,4,1.0,2.0,0.0,2.0,3.0,2.0,1.0
d93d8,2019-06-25,5,1.0,2.0,0.0,2.0,10.0,8.0,8.0
d93d8,2019-06-25,6,1.0,6.0,0.0,4.0,4.0,5.0,3.0
d93d8,2019-06-25,7,0.0,3.0,0.0,6.0,5.0,3.0,4.0
d93d8,2019-06-25,8,7.0,6.0,0.0,4.0,8.0,2.0,4.0
d93d8,2019-06-25,9,0.0,6.0,5.0,2.0,7.0,2.0,2.0
d93d8,2019-06-25,10,1.0,3.0,2.0,6.0,8.0,5.0,3.0
d93d8,2019-06-25,11,2.0,4.0,0.0,2.0,8.0,6.0,8.0
d93d8,2019-06-25,12,4.0,5.0,0.0,16.0,9.0,11.0,1.0
d93d8,2019-06-25,13,0.0,5.0,0.0,6.0,6.0,1.0,7.0
d93d8,2019-06-25,14,1.0,0.0,0.0,8.0,10.0,15.0,6.0
d93d8,2019-06-25,15,1.0,8.0,0.0,0.0,5.0,1.0,5.0
d93d8,2019-06-25,16,0.0,0.0,0.0,0.0,2.0,0.0,2.0
d93d8,2019-06-25,17,1.0,0.0,0.0,6.0,9.0,10.0,7.0
d93d8,2019-06-25,18,0.0,0.0,0.0,14.0,5.0,12.0,5.0
d93d8,2019-06-25,19,0.0,0.0,0.0,0.0,0.0,0.0,7.0
d93d8,2019-06-25,20,2.0,2.0,0.0,2.0,7.0,4.0,10.0
d93d8,2019-06-25,21,1.0,0.0,0.0,0.0,1.0,1.0,7.0
d93d8,2019-06-25,22,0.0,0.0,0.0,0.0,2.0,3.0,8.0
d93d8,2019-06-25,23,2.0,2.0,0.0,2.0,9.0,7.0,9.0
d93d8,2019-06-26,0,1.0,18.0,0.0,4.0,5.0,2.0,6.0
d93d8,2019-06-26,1,1.0,9.0,0.0,6.0,2.0,4.0,0.0
d93d8,2019-06-26,2,1.0,9.0,0.0,0.0,1.0,1.0,0.0
d93d8,2019-06-26,3,2.0,4.0,0.0,0.0,2.0,0.0,0.0
d93d8,2019-06-26,4,0.0,1.0,0.0,0.0,0.0,0.0,0.0
d93d8,2019-06-26,5,3.0,5.0,0.0,8.0,5.0,7.0,3.0
d93d8,2019-06-26,6,0.0,1.0,0.0,0.0,1.0,1.0,2.0
d93d8,2019-06-26,7,5.0,9.0,0.0,0.0,7.0,0.0,4.0
d93d8,2019-06-26,8,3.0,8.0,0.0,12.0,5.0,9.0,2.0
d93d8,2019-06-26,9,2.0,4.0,0.0,0.0,6.0,3.0,7.0
d93d8,2019-06-26,10,3.0,1.0,0.0,4.0,5.0,1.0,6.0
d93d8,2019-06-26,11,0.0,0.0,0.0,12.0,7.0,9.0,7.0
d93d8,2019-06-26,12,2.0,0.0,0.0,8.0,6.0,7.0,4.0
d93d8,2019-06-26,13,0.0,5.0,0.0,4.0,7.0,7.0,5.0
d93d8,2019-06-26,14,0.0,2.0,0.0,2.0,5.0,3.0,4.0
d93d8,2019-06-26,15,2.0,0.0,0.0,8.0,8.0,10.0,6.0
d93d8,2019-06-26,16,0.0,0.0,0.0,0.0,1.0,0.0,3.0
d93d8,2019-06-26,17,2.0,1.0,0.0,6.0,7.0,14.0,7.0
d93d8,2019-06-26,18,1.0,2.0,0.0,22.0,12.0,14.0,7.0
d93d8,2019-06-26,19,0.0,0.0,0.0,0.0,0.0,0.0,10.0
d93d8,2019-06-26,20,1.0,0.0,0.0,0.0,3.0,0.0,8.0
d93d8,2019-06-26,21,1.0,4.0,0.0,0.0,5.0,2.0,8.0
d93d8,2019-06-26,22,0.0,3.0,0.0,2.0,6.0,5.0,7.0
d93d8,2019-06-26,23,1.0,3.0,0.0,2.0,3.0,1.0,8.0
d93d8,2019-06-27,0,2.0,9.0,0.0,0.0,3.0,1.0,4.0
d93d8,2019-06-27,1,1.0,5.0,0.0,0.0,2.0,0.0,2.0
d93d8,2019-06-27,2,1.0,4.0,0.0,0.0,3.0,0.0,1.0
d93d8,2019-06-27,3,1.0,6.0,0.0,4.0,2.0,4.0,0.0
d93d8,2019-06-27,4,2.0,8.0,0.0,4.0,12.0,7.0,7.0
d93d8,2019-06-27,5,2.0,7.0,0.0,0.0,4.0,1.0,5.0
d93d8,2019-06-27,6,1.0,10.0,0.0,5.0,10.0,6.0,4.0
d93d8,2019-06-27,7,12.0,9.0,0.0,1.0,11.0,5.0,1.0
d93d8,2019-06-27,8,1.0,9.0,3.0,0.0,7.0,0.0,4.0
d93d8,2019-06-27,9,1.0,4.0,4.0,0.0,4.0,3.0,1.0
d93d8,2019-06-27,15,4.0,8.0,2.0,10.0,11.0,9.0,9.0
d93d8,2019-06-27,16,4.0,4.0,0.0,6.0,8.0,3.0,5.0
d93d8,2019-06-27,17,2.0,4.0,0.0,12.0,9.0,6.0,10.0
d93d8,2019-06-27,18,1.0,2.0,2.0,10.0,8.0,12.0,6.0
d93d8,2019-06-27,19,0.0,1.0,0.0,2.0,4.0,1.0,4.0
d93d8,2019-06-27,20,0.0,1.0,0.0,2.0,3.0,1.0,3.0
d93d8,2019-06-27,21,2.0,1.0,0.0,6.0,4.0,4.0,9.0
d93d8,2019-06-27,22,0.0,0.0,0.0,0.0,0.0,0.0,3.0
d93d8,2019-06-27,23,1.0,2.0,0.0,2.0,3.0,1.0,10.0
d93d8,2019-06-28,0,2.0,4.0,0.0,6.0,12.0,7.0,10.0
d93d8,2019-06-28,1,1.0,11.0,0.0,1.0,1.0,1.0,0.0
d93d8,2019-06-28,2,1.0,9.0,0.0,3.0,4.0,2.0,0.0
d93d8,2019-06-28,3,3.0,5.0,0.0,0.0,3.0,0.0,0.0
d93d8,2019-06-28,4,1.0,10.0,0.0,0.0,2.0,0.0,0.0
d93d8,2019-06-28,5,2.0,3.0,0.0,0.0,3.0,1.0,1.0
d93d8,2019-06-28,6,0.0,8.0,0.0,12.0,7.0,9.0,7.0
d93d8,2019-06-28,7,5.0,9.0,0.0,0.0,10.0,2.0,1.0
d93d8,2019-06-28,8,7.0,6.0,4.0,6.0,8.0,6.0,4.0
d93d8,2019-06-28,9,4.0,3.0,4.0,4.0,6.0,8.0,0.0
d93d8,2019-06-28,11,0.0,1.0,2.0,0.0,1.0,1.0,0.0
d93d8,2019-06-28,12,1.0,2.0,0.0,26.0,8.0,19.0,1.0
d93d8,2019-06-28,13,4.0,0.0,2.0,12.0,8.0,2.0,4.0
d93d8,2019-06-28,14,2.0,3.0,0.0,22.0,13.0,18.0,6.0
d93d8,2019-06-28,15,0.0,1.0,0.0,0.0,2.0,0.0,6.0
d93d8,2019-06-28,16,0.0,0.0,0.0,8.0,6.0,6.0,5.0
d93d8,2019-06-28,17,2.0,3.0,0.0,4.0,9.0,9.0,5.0
d93d8,2019-06-28,18,2.0,1.0,0.0,14.0,15.0,16.0,10.0
d93d8,2019-06-28,19,2.0,2.0,0.0,6.0,4.0,3.0,9.0
d93d8,2019-06-28,20,1.0,2.0,0.0,2.0,4.0,1.0,6.0
d93d8,2019-06-28,21,1.0,1.0,0.0,0.0,3.0,1.0,9.0
d93d8,2019-06-28,22,1.0,1.0,0.0,4.0,6.0,6.0,10.0
d93d8,2019-06-28,23,1.0,1.0,0.0,6.0,6.0,6.0,8.0
d93d8,2019-06-29,0,2.0,3.0,0.0,2.0,4.0,2.0,6.0
d93d8,2019-06-29,1,0.0,7.0,0.0,0.0,3.0,0.0,3.0
d93d8,2019-06-29,2,1.0,13.0,0.0,0.0,1.0,0.0,0.0
d93d8,2019-06-29,3,1.0,8.0,0.0,0.0,2.0,1.0,0.0
d93d8,2019-06-29,4,2.0,7.0,0.0,14.0,5.0,11.0,3.0
d93d8,2019-06-29,5,2.0,12.0,0.0,0.0,4.0,2.0,1.0
d93d8,2019-06-29,6,3.0,5.0,0.0,0.0,7.0,0.0,5.0
d93d8,2019-06-29,7,0.0,1.0,0.0,0.0,2.0,0.0,4.0
d93d8,2019-06-29,8,3.0,2.0,0.0,2.0,10.0,10.0,1.0
d93d8,2019-06-29,9,1.0,4.0,0.0,10.0,10.0,11.0,5.0
d93d8,2019-06-29,10,3.0,1.0,0.0,2.0,3.0,0.0,2.0
d93d8,2019-06-29,11,0.0,0.0,0.0,6.0,4.0,2.0,3.0
d93d8,2019-06-29,12,2.0,2.0,0.0,14.0,11.0,10.0,7.0
d93d8,2019-06-29,13,4.0,2.0,0.0,6.0,8.0,9.0,6.0
d93d8,2019-06-29,14,2.0,0.0,0.0,4.0,5.0,6.0,5.0
d93d8,2019-06-29,15,3.0,0.0,0.0,0.0,5.0,3.0,6.0
d93d8,2019-06-29,16,1.0,1.0,0.0,10.0,7.0,12.0,5.0
d93d8,2019-06-29,17,1.0,0.0,0.0,2.0,5.0,1.0,7.0
d93d8,2019-06-29,18,2.0,0.0,0.0,18.0,10.0,21.0,5.0
d93d8,2019-06-29,19,0.0,1.0,0.0,2.0,2.0,0.0,2.0
d93d8,2019-06-29,20,1.0,1.0,0.0,10.0,4.0,2.0,7.0
d93d8,2019-06-29,21,0.0,0.0,0.0,0.0,0.0,0.0,2.0
d93d8,2019-06-29,22,2.0,2.0,0.0,2.0,4.0,4.0,9.0
d93d8,2019-06-29,23,0.0,3.0,0.0,4.0,4.0,5.0,6.0
d93d8,2019-06-30,0,3.0,9.0,0.0,2.0,5.0,1.0,12.0
d93d8,2019-06-30,1,2.0,5.0,0.0,0.0,2.0,0.0,0.0
d93d8,2019-06-30,2,1.0,8.0,0.0,4.0,5.0,12.0,3.0
d93d8,2019-06-30,3,0.0,9.0,0.0,0.0,1.0,0.0,1.0
d93d8,2019-06-30,4,1.0,8.0,0.0,0.0,1.0,0.0,0.0
d93d8,2019-06-30,5,1.0,10.0,0.0,8.0,8.0,6.0,4.0
d93d8,2019-06-30,6,7.0,7.0,0.0,0.0,8.0,8.0,6.0
d93d8,2019-06-30,7,2.0,5.0,0.0,6.0,4.0,17.0,0.0
d93d8,2019-06-30,8,2.0,10.0,0.0,10.0,15.0,8.0,9.0
d93d8,2019-06-30,9,5.0,4.0,0.0,4.0,17.0,15.0,9.0
d93d8,2019-06-30,10,5.0,9.0,0.0,6.0,22.0,6.0,0.0
d93d8,2019-06-30,11,2.0,9.0,0.0,0.0,11.0,1.0,6.0
d93d8,2019-06-30,12,0.0,1.0,2.0,0.0,1.0,0.0,1.0
d93d8,2019-06-30,16,1.0,5.0,2.0,0.0,5.0,4.0,4.0
d93d8,2019-06-30,17,1.0,0.0,0.0,10.0,4.0,9.0,5.0
d93d8,2019-06-30,18,4.0,1.0,0.0,0.0,5.0,2.0,4.0
d93d8,2019-06-30,19,1.0,0.0,0.0,6.0,5.0,5.0,4.0
d93d8,2019-06-30,20,1.0,0.0,0.0,2.0,2.0,3.0,5.0
d93d8,2019-06-30,21,3.0,3.0,0.0,0.0,4.0,2.0,10.0
d93d8,2019-06-30,22,0.0,6.0,0.0,0.0,4.0,2.0,8.0
d93d8,2019-06-30,23,2.0,0.0,0.0,2.0,7.0,5.0,8.0
